midi_file,prompt
./Groove/drummer8/session2/12_funk_81_beat_4-4.mid,12 funk
./Groove/drummer8/session2/25_latin_84_beat_4-4.mid,25 latin
./Groove/drummer8/session2/2_funk_92_beat_4-4.mid,2 funk
./Groove/drummer8/session2/41_highlife_126_beat_4-4.mid,41 highlife
./Groove/drummer8/session2/40_rock-indie_104_beat_4-4.mid,40 rock-indie
./Groove/drummer8/session2/33_rock_117_beat_4-4.mid,33 rock
./Groove/drummer8/session2/30_afrobeat_98_beat_4-4.mid,30 afrobeat
./Groove/drummer8/session2/39_rock-indie_104_beat_4-4.mid,39 rock-indie
./Groove/drummer8/session2/14_afrobeat_103_beat_4-4.mid,14 afrobeat
./Groove/drummer8/session2/17_afrobeat_85_beat_4-4.mid,17 afrobeat
./Groove/drummer8/session2/31_afrobeat_98_beat_4-4.mid,31 afrobeat
./Groove/drummer8/session2/38_rock_112_beat_4-4.mid,38 rock
./Groove/drummer8/session2/5_funk_91_beat_4-4.mid,5 funk
./Groove/drummer8/session2/26_dance-disco_137_beat_4-4.mid,26 dance-disco
./Groove/drummer8/session2/35_latin-brazilian-songo_120_beat_4-4.mid,35 latin-brazilian-songo
./Groove/drummer8/session2/36_latin_118_beat_4-4.mid,36 latin
./Groove/drummer8/session2/19_neworleans-funk_90_beat_4-4.mid,19 neworleans-funk
./Groove/drummer8/session2/7_latin_95_beat_4-4.mid,7 latin
./Groove/drummer8/session2/13_afrobeat_103_beat_4-4.mid,13 afrobeat
./Groove/drummer8/session2/16_funk_95_beat_4-4.mid,16 funk
./Groove/drummer8/session2/27_dance-disco_137_beat_4-4.mid,27 dance-disco
./Groove/drummer8/session2/34_latin-brazilian-songo_120_beat_4-4.mid,34 latin-brazilian-songo
./Groove/drummer8/session2/15_funk_95_beat_4-4.mid,15 funk
./Groove/drummer8/session2/32_rock_117_beat_4-4.mid,32 rock
./Groove/drummer8/session2/8_latin_95_beat_4-4.mid,8 latin
./Groove/drummer8/session2/28_latin-bounce_106_beat_4-4.mid,28 latin-bounce
./Groove/drummer8/session2/6_funk_91_beat_4-4.mid,6 funk
./Groove/drummer8/session2/24_latin_84_beat_4-4.mid,24 latin
./Groove/drummer8/session2/37_rock_112_beat_4-4.mid,37 rock
./Groove/drummer8/session2/42_highlife_126_beat_4-4.mid,42 highlife
./Groove/drummer8/session2/21_afrobeat_110_beat_4-4.mid,21 afrobeat
./Groove/drummer8/session2/23_rock_96_beat_4-4.mid,23 rock
./Groove/drummer8/session2/10_hiphop_86_beat_4-4.mid,10 hiphop
./Groove/drummer8/session2/29_latin-bounce_106_beat_4-4.mid,29 latin-bounce
./Groove/drummer8/session2/3_afrobeat_114_beat_4-4.mid,3 afrobeat
./Groove/drummer8/session2/22_rock_96_beat_4-4.mid,22 rock
./Groove/drummer8/session2/18_afrobeat_85_beat_4-4.mid,18 afrobeat
./Groove/drummer8/session2/9_hiphop_86_beat_4-4.mid,9 hiphop
./Groove/drummer8/session2/4_afrobeat_114_beat_4-4.mid,4 afrobeat
./Groove/drummer8/session2/20_neworleans-funk_90_beat_4-4.mid,20 neworleans-funk
./Groove/drummer8/session2/1_funk_92_beat_4-4.mid,1 funk
./Groove/drummer8/session2/11_funk_81_beat_4-4.mid,11 funk
./Groove/drummer8/eval_session/6_hiphop-groove6_87_beat_4-4.mid,6 hiphop-groove6
./Groove/drummer8/eval_session/3_soul-groove3_86_beat_4-4.mid,3 soul-groove3
./Groove/drummer8/eval_session/7_pop-groove7_138_beat_4-4.mid,7 pop-groove7
./Groove/drummer8/eval_session/5_funk-groove5_84_beat_4-4.mid,5 funk-groove5
./Groove/drummer8/eval_session/9_soul-groove9_105_beat_4-4.mid,9 soul-groove9
./Groove/drummer8/eval_session/1_funk-groove1_138_beat_4-4.mid,1 funk-groove1
./Groove/drummer8/eval_session/10_soul-groove10_102_beat_4-4.mid,10 soul-groove10
./Groove/drummer8/eval_session/4_soul-groove4_80_beat_4-4.mid,4 soul-groove4
./Groove/drummer8/eval_session/2_funk-groove2_105_beat_4-4.mid,2 funk-groove2
./Groove/drummer8/eval_session/8_rock-groove8_65_beat_4-4.mid,8 rock-groove8
./Groove/drummer8/session1/2_funk_95_beat_4-4.mid,2 funk
./Groove/drummer8/session1/7_funk_80_beat_4-4.mid,7 funk
./Groove/drummer8/session1/24_funk-latin_100_beat_4-4.mid,24 funk-latin
./Groove/drummer8/session1/3_hiphop_90_beat_4-4.mid,3 hiphop
./Groove/drummer8/session1/16_afrobeat_90_beat_4-4.mid,16 afrobeat
./Groove/drummer8/session1/4_hiphop_90_beat_4-4.mid,4 hiphop
./Groove/drummer8/session1/23_hiphop_70_beat_4-4.mid,23 hiphop
./Groove/drummer8/session1/17_afrobeat_90_beat_4-4.mid,17 afrobeat
./Groove/drummer8/session1/25_funk-latin_100_beat_4-4.mid,25 funk-latin
./Groove/drummer8/session1/5_hiphop_90_beat_4-4.mid,5 hiphop
./Groove/drummer8/session1/26_afrobeat_94_beat_4-4.mid,26 afrobeat
./Groove/drummer8/session1/6_funk_80_beat_4-4.mid,6 funk
./Groove/drummer8/session1/11_neworleans-funk_82_beat_4-4.mid,11 neworleans-funk
./Groove/drummer8/session1/18_funk_108_beat_4-4.mid,18 funk
./Groove/drummer8/session1/10_neworleans-funk_82_beat_4-4.mid,10 neworleans-funk
./Groove/drummer8/session1/9_funk_96_beat_4-4.mid,9 funk
./Groove/drummer8/session1/20_rock-shuffle_112_beat_4-4.mid,20 rock-shuffle
./Groove/drummer8/session1/15_hiphop_94_beat_4-4.mid,15 hiphop
./Groove/drummer8/session1/12_latin_118_beat_4-4.mid,12 latin
./Groove/drummer8/session1/28_rock_102_beat_4-4.mid,28 rock
./Groove/drummer8/session1/21_rock-shuffle_112_beat_4-4.mid,21 rock-shuffle
./Groove/drummer8/session1/8_funk_96_beat_4-4.mid,8 funk
./Groove/drummer8/session1/14_hiphop_94_beat_4-4.mid,14 hiphop
./Groove/drummer8/session1/13_latin_118_beat_4-4.mid,13 latin
./Groove/drummer8/session1/19_funk_108_beat_4-4.mid,19 funk
./Groove/drummer8/session1/1_funk_95_beat_4-4.mid,1 funk
./Groove/drummer8/session1/22_funk_115_beat_4-4.mid,22 funk
./Groove/drummer8/session1/27_latin_122_beat_4-4.mid,27 latin
./Groove/drummer6/session3/3_rock_100_beat_4-4.mid,3 rock
./Groove/drummer6/session3/7_rock_88_beat_4-4.mid,7 rock
./Groove/drummer6/session3/4_rock_127_beat_4-4.mid,4 rock
./Groove/drummer6/session3/6_rock_88_beat_4-4.mid,6 rock
./Groove/drummer6/session3/2_rock_100_beat_4-4.mid,2 rock
./Groove/drummer6/session3/1_rock_90_beat_4-4.mid,1 rock
./Groove/drummer6/session3/5_rock_180_beat_4-4.mid,5 rock
./Groove/drummer6/session2/1_rock_95_beat_4-4.mid,1 rock
./Groove/drummer6/session2/3_rock_88_beat_4-4.mid,3 rock
./Groove/drummer6/session2/2_rock_95_beat_4-4.mid,2 rock
./Groove/drummer6/session1/3_rock_80_beat_6-8.mid,3 rock
./Groove/drummer6/session1/1_rock_70_beat_6-8.mid,1 rock
./Groove/drummer6/session1/5_rock_60_beat_6-8.mid,5 rock
./Groove/drummer6/session1/4_rock_80_beat_6-8.mid,4 rock
./Groove/drummer6/session1/2_rock_70_beat_6-8.mid,2 rock
./Groove/drummer1/session3/2_jazz-swing_185_beat_4-4.mid,2 jazz-swing
./Groove/drummer1/session3/1_rock-prog_125_beat_4-4.mid,1 rock-prog
./Groove/drummer1/session3/14_rock_94_beat_4-4.mid,14 rock
./Groove/drummer1/session3/6_dance-disco_120_beat_4-4.mid,6 dance-disco
./Groove/drummer1/session3/18_rock_128_beat_4-4.mid,18 rock
./Groove/drummer1/session3/3_rock-rockabilly_200_beat_4-4.mid,3 rock-rockabilly
./Groove/drummer1/session3/11_afrobeat_94_beat_4-4.mid,11 afrobeat
./Groove/drummer1/session3/8_rock_135_beat_4-4.mid,8 rock
./Groove/drummer1/session3/10_rock-folk_90_beat_4-4.mid,10 rock-folk
./Groove/drummer1/session3/4_jazz-linear_182_beat_4-4.mid,4 jazz-linear
./Groove/drummer1/session3/16_funk_117_beat_4-4.mid,16 funk
./Groove/drummer1/session3/5_jazz-linear_128_beat_4-4.mid,5 jazz-linear
./Groove/drummer1/session3/7_dance-disco_120_beat_4-4.mid,7 dance-disco
./Groove/drummer1/session3/13_rock_115_beat_4-4.mid,13 rock
./Groove/drummer1/session3/15_funk_117_beat_4-4.mid,15 funk
./Groove/drummer1/session3/12_latin-bomba_96_beat_4-4.mid,12 latin-bomba
./Groove/drummer1/session3/17_afrocuban-calypso_108_beat_4-4.mid,17 afrocuban-calypso
./Groove/drummer1/session3/9_rock_135_beat_4-4.mid,9 rock
./Groove/drummer1/session2/78_punk_144_fill_4-4.mid,78 punk
./Groove/drummer1/session2/160_gospel_120_fill_4-4.mid,160 gospel
./Groove/drummer1/session2/100_funk-rock_92_fill_4-4.mid,100 funk-rock
./Groove/drummer1/session2/128_afrocuban-bembe_122_fill_4-4.mid,128 afrocuban-bembe
./Groove/drummer1/session2/151_gospel_120_fill_4-4.mid,151 gospel
./Groove/drummer1/session2/137_afrocuban-bembe_122_fill_4-4.mid,137 afrocuban-bembe
./Groove/drummer1/session2/108_funk-rock_92_fill_4-4.mid,108 funk-rock
./Groove/drummer1/session2/29_country_114_fill_4-4.mid,29 country
./Groove/drummer1/session2/5_jazz_200_beat_3-4.mid,5 jazz
./Groove/drummer1/session2/133_afrocuban-bembe_122_fill_4-4.mid,133 afrocuban-bembe
./Groove/drummer1/session2/70_punk_144_fill_4-4.mid,70 punk
./Groove/drummer1/session2/66_punk_144_fill_4-4.mid,66 punk
./Groove/drummer1/session2/4_jazz_120_beat_3-4.mid,4 jazz
./Groove/drummer1/session2/25_country_114_fill_4-4.mid,25 country
./Groove/drummer1/session2/12_country_114_fill_4-4.mid,12 country
./Groove/drummer1/session2/93_funk-rock_92_fill_4-4.mid,93 funk-rock
./Groove/drummer1/session2/192_rock_115_fill_4-4.mid,192 rock
./Groove/drummer1/session2/55_punk_128_fill_4-4.mid,55 punk
./Groove/drummer1/session2/16_country_114_fill_4-4.mid,16 country
./Groove/drummer1/session2/21_country_114_fill_4-4.mid,21 country
./Groove/drummer1/session2/43_punk_128_fill_4-4.mid,43 punk
./Groove/drummer1/session2/84_punk_144_fill_4-4.mid,84 punk
./Groove/drummer1/session2/35_punk_128_beat_4-4.mid,35 punk
./Groove/drummer1/session2/171_afrocuban-rhumba_110_fill_4-4.mid,171 afrocuban-rhumba
./Groove/drummer1/session2/184_rock_115_fill_4-4.mid,184 rock
./Groove/drummer1/session2/49_punk_128_fill_4-4.mid,49 punk
./Groove/drummer1/session2/155_gospel_120_fill_4-4.mid,155 gospel
./Groove/drummer1/session2/173_afrocuban-rhumba_110_fill_4-4.mid,173 afrocuban-rhumba
./Groove/drummer1/session2/7_jazz-march_88_beat_4-4.mid,7 jazz-march
./Groove/drummer1/session2/198_rock_115_fill_4-4.mid,198 rock
./Groove/drummer1/session2/162_afrocuban-rhumba_110_fill_4-4.mid,162 afrocuban-rhumba
./Groove/drummer1/session2/94_funk-rock_92_fill_4-4.mid,94 funk-rock
./Groove/drummer1/session2/110_rock-prog_190_beat_4-4.mid,110 rock-prog
./Groove/drummer1/session2/62_punk_144_beat_4-4.mid,62 punk
./Groove/drummer1/session2/113_afrocuban-bembe_122_fill_4-4.mid,113 afrocuban-bembe
./Groove/drummer1/session2/124_afrocuban-bembe_122_fill_4-4.mid,124 afrocuban-bembe
./Groove/drummer1/session2/117_afrocuban-bembe_122_fill_4-4.mid,117 afrocuban-bembe
./Groove/drummer1/session2/190_rock_115_fill_4-4.mid,190 rock
./Groove/drummer1/session2/149_gospel_120_fill_4-4.mid,149 gospel
./Groove/drummer1/session2/39_punk_128_fill_4-4.mid,39 punk
./Groove/drummer1/session2/57_punk_128_fill_4-4.mid,57 punk
./Groove/drummer1/session2/120_afrocuban-bembe_122_fill_4-4.mid,120 afrocuban-bembe
./Groove/drummer1/session2/37_punk_128_beat_4-4.mid,37 punk
./Groove/drummer1/session2/86_punk_144_fill_4-4.mid,86 punk
./Groove/drummer1/session2/41_punk_128_fill_4-4.mid,41 punk
./Groove/drummer1/session2/161_afrocuban-rhumba_110_beat_4-4.mid,161 afrocuban-rhumba
./Groove/drummer1/session2/186_rock_115_fill_4-4.mid,186 rock
./Groove/drummer1/session2/72_punk_144_fill_4-4.mid,72 punk
./Groove/drummer1/session2/107_funk-rock_92_fill_4-4.mid,107 funk-rock
./Groove/drummer1/session2/64_punk_144_fill_4-4.mid,64 punk
./Groove/drummer1/session2/146_gospel_120_fill_4-4.mid,146 gospel
./Groove/drummer1/session2/74_punk_144_fill_4-4.mid,74 punk
./Groove/drummer1/session2/102_funk-rock_92_fill_4-4.mid,102 funk-rock
./Groove/drummer1/session2/51_punk_128_fill_4-4.mid,51 punk
./Groove/drummer1/session2/196_rock_115_fill_4-4.mid,196 rock
./Groove/drummer1/session2/127_afrocuban-bembe_122_fill_4-4.mid,127 afrocuban-bembe
./Groove/drummer1/session2/6_rock_102_beat_3-4.mid,6 rock
./Groove/drummer1/session2/145_gospel_120_fill_4-4.mid,145 gospel
./Groove/drummer1/session2/80_punk_144_fill_4-4.mid,80 punk
./Groove/drummer1/session2/138_afrocuban-bembe_122_fill_4-4.mid,138 afrocuban-bembe
./Groove/drummer1/session2/47_punk_128_fill_4-4.mid,47 punk
./Groove/drummer1/session2/99_funk-rock_92_fill_4-4.mid,99 funk-rock
./Groove/drummer1/session2/156_gospel_120_fill_4-4.mid,156 gospel
./Groove/drummer1/session2/180_rock_50_beat_4-4.mid,180 rock
./Groove/drummer1/session2/114_afrocuban-bembe_122_fill_4-4.mid,114 afrocuban-bembe
./Groove/drummer1/session2/123_afrocuban-bembe_122_fill_4-4.mid,123 afrocuban-bembe
./Groove/drummer1/session2/170_afrocuban-rhumba_110_fill_4-4.mid,170 afrocuban-rhumba
./Groove/drummer1/session2/3_latin-chacarera_118_beat_4-4.mid,3 latin-chacarera
./Groove/drummer1/session2/88_punk_144_fill_4-4.mid,88 punk
./Groove/drummer1/session2/188_rock_115_fill_4-4.mid,188 rock
./Groove/drummer1/session2/91_funk-rock_92_fill_4-4.mid,91 funk-rock
./Groove/drummer1/session2/159_gospel_120_fill_4-4.mid,159 gospel
./Groove/drummer1/session2/59_punk_128_fill_4-4.mid,59 punk
./Groove/drummer1/session2/28_country_114_fill_4-4.mid,28 country
./Groove/drummer1/session2/163_afrocuban-rhumba_110_fill_4-4.mid,163 afrocuban-rhumba
./Groove/drummer1/session2/53_punk_128_fill_4-4.mid,53 punk
./Groove/drummer1/session2/194_rock_115_fill_4-4.mid,194 rock
./Groove/drummer1/session2/182_rock_115_fill_4-4.mid,182 rock
./Groove/drummer1/session2/172_afrocuban-rhumba_110_fill_4-4.mid,172 afrocuban-rhumba
./Groove/drummer1/session2/96_funk-rock_92_fill_4-4.mid,96 funk-rock
./Groove/drummer1/session2/45_punk_128_fill_4-4.mid,45 punk
./Groove/drummer1/session2/33_punk_128_beat_4-4.mid,33 punk
./Groove/drummer1/session2/82_punk_144_fill_4-4.mid,82 punk
./Groove/drummer1/session2/134_afrocuban-bembe_122_fill_4-4.mid,134 afrocuban-bembe
./Groove/drummer1/session2/8_jazz-march_176_beat_4-4.mid,8 jazz-march
./Groove/drummer1/session2/76_punk_144_fill_4-4.mid,76 punk
./Groove/drummer1/session2/1_latin-chacarera_157_beat_3-4.mid,1 latin-chacarera
./Groove/drummer1/session2/17_country_114_fill_4-4.mid,17 country
./Groove/drummer1/session2/20_country_114_fill_4-4.mid,20 country
./Groove/drummer1/session2/118_afrocuban-bembe_122_fill_4-4.mid,118 afrocuban-bembe
./Groove/drummer1/session2/130_afrocuban-bembe_122_fill_4-4.mid,130 afrocuban-bembe
./Groove/drummer1/session2/141_afrocuban-bembe_122_fill_4-4.mid,141 afrocuban-bembe
./Groove/drummer1/session2/68_punk_144_fill_4-4.mid,68 punk
./Groove/drummer1/session2/105_funk-rock_92_fill_4-4.mid,105 funk-rock
./Groove/drummer1/session2/152_gospel_120_fill_4-4.mid,152 gospel
./Groove/drummer1/session2/24_country_114_fill_4-4.mid,24 country
./Groove/drummer1/session2/13_country_114_fill_4-4.mid,13 country
./Groove/drummer1/session2/61_punk_128_fill_4-4.mid,61 punk
./Groove/drummer1/session2/142_gospel_120_beat_4-4.mid,142 gospel
./Groove/drummer1/session2/104_funk-rock_92_fill_4-4.mid,104 funk-rock
./Groove/drummer1/session2/67_punk_144_fill_4-4.mid,67 punk
./Groove/drummer1/session2/121_afrocuban-bembe_122_fill_4-4.mid,121 afrocuban-bembe
./Groove/drummer1/session2/147_gospel_120_fill_4-4.mid,147 gospel
./Groove/drummer1/session2/116_afrocuban-bembe_122_fill_4-4.mid,116 afrocuban-bembe
./Groove/drummer1/session2/71_punk_144_fill_4-4.mid,71 punk
./Groove/drummer1/session2/42_punk_128_fill_4-4.mid,42 punk
./Groove/drummer1/session2/179_afrocuban-rhumba_110_fill_4-4.mid,179 afrocuban-rhumba
./Groove/drummer1/session2/34_punk_128_beat_4-4.mid,34 punk
./Groove/drummer1/session2/85_punk_144_fill_4-4.mid,85 punk
./Groove/drummer1/session2/185_rock_115_fill_4-4.mid,185 rock
./Groove/drummer1/session2/30_country_114_fill_4-4.mid,30 country
./Groove/drummer1/session2/168_afrocuban-rhumba_110_fill_4-4.mid,168 afrocuban-rhumba
./Groove/drummer1/session2/193_rock_115_fill_4-4.mid,193 rock
./Groove/drummer1/session2/148_gospel_120_fill_4-4.mid,148 gospel
./Groove/drummer1/session2/54_punk_128_fill_4-4.mid,54 punk
./Groove/drummer1/session2/79_punk_144_fill_4-4.mid,79 punk
./Groove/drummer1/session2/174_afrocuban-rhumba_110_fill_4-4.mid,174 afrocuban-rhumba
./Groove/drummer1/session2/165_afrocuban-rhumba_110_fill_4-4.mid,165 afrocuban-rhumba
./Groove/drummer1/session2/97_funk-rock_92_fill_4-4.mid,97 funk-rock
./Groove/drummer1/session2/154_gospel_120_fill_4-4.mid,154 gospel
./Groove/drummer1/session2/125_afrocuban-bembe_122_fill_4-4.mid,125 afrocuban-bembe
./Groove/drummer1/session2/87_punk_144_fill_4-4.mid,87 punk
./Groove/drummer1/session2/36_punk_128_beat_4-4.mid,36 punk
./Groove/drummer1/session2/40_punk_128_fill_4-4.mid,40 punk
./Groove/drummer1/session2/10_country_114_beat_4-4.mid,10 country
./Groove/drummer1/session2/132_afrocuban-bembe_122_fill_4-4.mid,132 afrocuban-bembe
./Groove/drummer1/session2/187_rock_115_fill_4-4.mid,187 rock
./Groove/drummer1/session2/191_rock_115_fill_4-4.mid,191 rock
./Groove/drummer1/session2/56_punk_128_fill_4-4.mid,56 punk
./Groove/drummer1/session2/38_punk_128_fill_4-4.mid,38 punk
./Groove/drummer1/session2/26_country_114_fill_4-4.mid,26 country
./Groove/drummer1/session2/11_country_114_fill_4-4.mid,11 country
./Groove/drummer1/session2/65_punk_144_fill_4-4.mid,65 punk
./Groove/drummer1/session2/98_funk-rock_92_fill_4-4.mid,98 funk-rock
./Groove/drummer1/session2/167_afrocuban-rhumba_110_fill_4-4.mid,167 afrocuban-rhumba
./Groove/drummer1/session2/143_gospel_120_fill_4-4.mid,143 gospel
./Groove/drummer1/session2/176_afrocuban-rhumba_110_fill_4-4.mid,176 afrocuban-rhumba
./Groove/drummer1/session2/15_country_114_fill_4-4.mid,15 country
./Groove/drummer1/session2/73_punk_144_fill_4-4.mid,73 punk
./Groove/drummer1/session2/22_country_114_fill_4-4.mid,22 country
./Groove/drummer1/session2/181_rock_115_beat_4-4.mid,181 rock
./Groove/drummer1/session2/19_country_114_fill_4-4.mid,19 country
./Groove/drummer1/session2/48_punk_128_fill_4-4.mid,48 punk
./Groove/drummer1/session2/150_gospel_120_fill_4-4.mid,150 gospel
./Groove/drummer1/session2/32_punk_140_beat_4-4.mid,32 punk
./Groove/drummer1/session2/129_afrocuban-bembe_122_fill_4-4.mid,129 afrocuban-bembe
./Groove/drummer1/session2/111_rock-prog_110_beat_5-4.mid,111 rock-prog
./Groove/drummer1/session2/136_afrocuban-bembe_122_fill_4-4.mid,136 afrocuban-bembe
./Groove/drummer1/session2/103_funk-rock_92_fill_4-4.mid,103 funk-rock
./Groove/drummer1/session2/14_country_114_fill_4-4.mid,14 country
./Groove/drummer1/session2/23_country_114_fill_4-4.mid,23 country
./Groove/drummer1/session2/119_afrocuban-bembe_122_fill_4-4.mid,119 afrocuban-bembe
./Groove/drummer1/session2/106_funk-rock_92_fill_4-4.mid,106 funk-rock
./Groove/drummer1/session2/153_gospel_120_fill_4-4.mid,153 gospel
./Groove/drummer1/session2/140_afrocuban-bembe_122_fill_4-4.mid,140 afrocuban-bembe
./Groove/drummer1/session2/131_afrocuban-bembe_122_fill_4-4.mid,131 afrocuban-bembe
./Groove/drummer1/session2/90_funk-rock_92_beat_4-4.mid,90 funk-rock
./Groove/drummer1/session2/27_country_114_fill_4-4.mid,27 country
./Groove/drummer1/session2/169_afrocuban-rhumba_110_fill_4-4.mid,169 afrocuban-rhumba
./Groove/drummer1/session2/58_punk_128_fill_4-4.mid,58 punk
./Groove/drummer1/session2/89_punk_144_fill_4-4.mid,89 punk
./Groove/drummer1/session2/178_afrocuban-rhumba_110_fill_4-4.mid,178 afrocuban-rhumba
./Groove/drummer1/session2/189_rock_115_fill_4-4.mid,189 rock
./Groove/drummer1/session2/164_afrocuban-rhumba_110_fill_4-4.mid,164 afrocuban-rhumba
./Groove/drummer1/session2/63_punk_144_fill_4-4.mid,63 punk
./Groove/drummer1/session2/75_punk_144_fill_4-4.mid,75 punk
./Groove/drummer1/session2/175_afrocuban-rhumba_110_fill_4-4.mid,175 afrocuban-rhumba
./Groove/drummer1/session2/18_country_114_fill_4-4.mid,18 country
./Groove/drummer1/session2/81_punk_144_fill_4-4.mid,81 punk
./Groove/drummer1/session2/135_afrocuban-bembe_122_fill_4-4.mid,135 afrocuban-bembe
./Groove/drummer1/session2/46_punk_128_fill_4-4.mid,46 punk
./Groove/drummer1/session2/50_punk_128_fill_4-4.mid,50 punk
./Groove/drummer1/session2/197_rock_115_fill_4-4.mid,197 rock
./Groove/drummer1/session2/95_funk-rock_92_fill_4-4.mid,95 funk-rock
./Groove/drummer1/session2/92_funk-rock_92_fill_4-4.mid,92 funk-rock
./Groove/drummer1/session2/158_gospel_120_fill_4-4.mid,158 gospel
./Groove/drummer1/session2/31_country_114_fill_4-4.mid,31 country
./Groove/drummer1/session2/122_afrocuban-bembe_122_fill_4-4.mid,122 afrocuban-bembe
./Groove/drummer1/session2/115_afrocuban-bembe_122_fill_4-4.mid,115 afrocuban-bembe
./Groove/drummer1/session2/177_afrocuban-rhumba_110_fill_4-4.mid,177 afrocuban-rhumba
./Groove/drummer1/session2/60_punk_128_fill_4-4.mid,60 punk
./Groove/drummer1/session2/2_latin-chacarera_118_beat_4-4.mid,2 latin-chacarera
./Groove/drummer1/session2/166_afrocuban-rhumba_110_fill_4-4.mid,166 afrocuban-rhumba
./Groove/drummer1/session2/69_punk_144_fill_4-4.mid,69 punk
./Groove/drummer1/session2/157_gospel_120_fill_4-4.mid,157 gospel
./Groove/drummer1/session2/183_rock_115_fill_4-4.mid,183 rock
./Groove/drummer1/session2/144_gospel_120_fill_4-4.mid,144 gospel
./Groove/drummer1/session2/44_punk_128_fill_4-4.mid,44 punk
./Groove/drummer1/session2/83_punk_144_fill_4-4.mid,83 punk
./Groove/drummer1/session2/9_jazz-march_120_beat_4-4.mid,9 jazz-march
./Groove/drummer1/session2/52_punk_128_fill_4-4.mid,52 punk
./Groove/drummer1/session2/112_afrocuban-bembe_122_beat_4-4.mid,112 afrocuban-bembe
./Groove/drummer1/session2/109_funk-rock_92_fill_4-4.mid,109 funk-rock
./Groove/drummer1/session2/195_rock_115_fill_4-4.mid,195 rock
./Groove/drummer1/session2/126_afrocuban-bembe_122_fill_4-4.mid,126 afrocuban-bembe
./Groove/drummer1/session2/101_funk-rock_92_fill_4-4.mid,101 funk-rock
./Groove/drummer1/session2/77_punk_144_fill_4-4.mid,77 punk
./Groove/drummer1/session2/139_afrocuban-bembe_122_fill_4-4.mid,139 afrocuban-bembe
./Groove/drummer1/eval_session/6_hiphop-groove6_87_beat_4-4.mid,6 hiphop-groove6
./Groove/drummer1/eval_session/3_soul-groove3_86_beat_4-4.mid,3 soul-groove3
./Groove/drummer1/eval_session/7_pop-groove7_138_beat_4-4.mid,7 pop-groove7
./Groove/drummer1/eval_session/5_funk-groove5_84_beat_4-4.mid,5 funk-groove5
./Groove/drummer1/eval_session/9_soul-groove9_105_beat_4-4.mid,9 soul-groove9
./Groove/drummer1/eval_session/1_funk-groove1_138_beat_4-4.mid,1 funk-groove1
./Groove/drummer1/eval_session/10_soul-groove10_102_beat_4-4.mid,10 soul-groove10
./Groove/drummer1/eval_session/4_soul-groove4_80_beat_4-4.mid,4 soul-groove4
./Groove/drummer1/eval_session/2_funk-groove2_105_beat_4-4.mid,2 funk-groove2
./Groove/drummer1/eval_session/8_rock-groove8_65_beat_4-4.mid,8 rock-groove8
./Groove/drummer1/session1/33_latin-samba_116_fill_4-4.mid,33 latin-samba
./Groove/drummer1/session1/99_neworleans-funk_84_fill_4-4.mid,99 neworleans-funk
./Groove/drummer1/session1/259_funk-purdieshuffle_130_fill_4-4.mid,259 funk-purdieshuffle
./Groove/drummer1/session1/213_rock-halftime_140_fill_4-4.mid,213 rock-halftime
./Groove/drummer1/session1/129_funk-fast_125_fill_4-4.mid,129 funk-fast
./Groove/drummer1/session1/123_funk_95_fill_4-4.mid,123 funk
./Groove/drummer1/session1/2_funk_80_beat_4-4.mid,2 funk
./Groove/drummer1/session1/133_funk-fast_125_fill_4-4.mid,133 funk-fast
./Groove/drummer1/session1/215_rock-halftime_140_fill_4-4.mid,215 rock-halftime
./Groove/drummer1/session1/60_jazz_125_fill_4-4.mid,60 jazz
./Groove/drummer1/session1/206_rock-halftime_140_fill_4-4.mid,206 rock-halftime
./Groove/drummer1/session1/12_jazz-funk_116_fill_4-4.mid,12 jazz-funk
./Groove/drummer1/session1/40_latin-samba_116_fill_4-4.mid,40 latin-samba
./Groove/drummer1/session1/102_funk_95_beat_4-4.mid,102 funk
./Groove/drummer1/session1/79_latin-reggaeton_90_beat_4-4.mid,79 latin-reggaeton
./Groove/drummer1/session1/111_funk_95_fill_4-4.mid,111 funk
./Groove/drummer1/session1/140_funk-fast_125_fill_4-4.mid,140 funk-fast
./Groove/drummer1/session1/27_jazz-funk_116_fill_4-4.mid,27 jazz-funk
./Groove/drummer1/session1/5_jazz-funk_116_beat_4-4.mid,5 jazz-funk
./Groove/drummer1/session1/187_reggae_78_fill_4-4.mid,187 reggae
./Groove/drummer1/session1/245_funk-purdieshuffle_130_fill_4-4.mid,245 funk-purdieshuffle
./Groove/drummer1/session1/8_jazz-funk_116_fill_4-4.mid,8 jazz-funk
./Groove/drummer1/session1/68_jazz_125_fill_4-4.mid,68 jazz
./Groove/drummer1/session1/261_funk-purdieshuffle_130_fill_4-4.mid,261 funk-purdieshuffle
./Groove/drummer1/session1/219_rock-halftime_140_fill_4-4.mid,219 rock-halftime
./Groove/drummer1/session1/47_jazz_102_beat_4-4.mid,47 jazz
./Groove/drummer1/session1/256_funk-purdieshuffle_130_fill_4-4.mid,256 funk-purdieshuffle
./Groove/drummer1/session1/114_funk_95_fill_4-4.mid,114 funk
./Groove/drummer1/session1/74_jazz_125_fill_4-4.mid,74 jazz
./Groove/drummer1/session1/224_rock-halftime_140_fill_4-4.mid,224 rock-halftime
./Groove/drummer1/session1/62_jazz_125_fill_4-4.mid,62 jazz
./Groove/drummer1/session1/77_jazz-mediumfast_180_beat_4-4.mid,77 jazz-mediumfast
./Groove/drummer1/session1/106_funk_95_fill_4-4.mid,106 funk
./Groove/drummer1/session1/91_neworleans-funk_84_fill_4-4.mid,91 neworleans-funk
./Groove/drummer1/session1/43_latin-samba_116_fill_4-4.mid,43 latin-samba
./Groove/drummer1/session1/237_rock-halftime_140_fill_4-4.mid,237 rock-halftime
./Groove/drummer1/session1/83_neworleans-funk_84_fill_4-4.mid,83 neworleans-funk
./Groove/drummer1/session1/20_jazz-funk_116_fill_4-4.mid,20 jazz-funk
./Groove/drummer1/session1/231_rock-halftime_140_fill_4-4.mid,231 rock-halftime
./Groove/drummer1/session1/58_jazz_125_fill_4-4.mid,58 jazz
./Groove/drummer1/session1/15_jazz-funk_116_fill_4-4.mid,15 jazz-funk
./Groove/drummer1/session1/103_funk_95_fill_4-4.mid,103 funk
./Groove/drummer1/session1/249_funk-purdieshuffle_130_fill_4-4.mid,249 funk-purdieshuffle
./Groove/drummer1/session1/222_rock-halftime_140_fill_4-4.mid,222 rock-halftime
./Groove/drummer1/session1/19_jazz-funk_116_fill_4-4.mid,19 jazz-funk
./Groove/drummer1/session1/134_funk-fast_125_fill_4-4.mid,134 funk-fast
./Groove/drummer1/session1/48_jazz_93_beat_4-4.mid,48 jazz
./Groove/drummer1/session1/38_latin-samba_116_beat_4-4.mid,38 latin-samba
./Groove/drummer1/session1/228_rock-halftime_140_fill_4-4.mid,228 rock-halftime
./Groove/drummer1/session1/138_funk-fast_125_fill_4-4.mid,138 funk-fast
./Groove/drummer1/session1/94_neworleans-funk_84_fill_4-4.mid,94 neworleans-funk
./Groove/drummer1/session1/246_funk-purdieshuffle_130_fill_4-4.mid,246 funk-purdieshuffle
./Groove/drummer1/session1/30_latin-samba_116_fill_4-4.mid,30 latin-samba
./Groove/drummer1/session1/189_reggae_78_fill_4-4.mid,189 reggae
./Groove/drummer1/session1/262_funk-purdieshuffle_130_fill_4-4.mid,262 funk-purdieshuffle
./Groove/drummer1/session1/148_latin-brazilian-baiao_95_fill_4-4.mid,148 latin-brazilian-baiao
./Groove/drummer1/session1/109_funk_95_fill_4-4.mid,109 funk
./Groove/drummer1/session1/181_afrocuban_105_fill_4-4.mid,181 afrocuban
./Groove/drummer1/session1/149_latin-brazilian-baiao_95_fill_4-4.mid,149 latin-brazilian-baiao
./Groove/drummer1/session1/201_reggae-slow_64_beat_4-4.mid,201 reggae-slow
./Groove/drummer1/session1/255_funk-purdieshuffle_130_fill_4-4.mid,255 funk-purdieshuffle
./Groove/drummer1/session1/86_neworleans-funk_84_fill_4-4.mid,86 neworleans-funk
./Groove/drummer1/session1/155_latin-brazilian-baiao_95_fill_4-4.mid,155 latin-brazilian-baiao
./Groove/drummer1/session1/239_funk-purdieshuffle_130_beat_4-4.mid,239 funk-purdieshuffle
./Groove/drummer1/session1/56_jazz_125_fill_4-4.mid,56 jazz
./Groove/drummer1/session1/162_latin-brazilian-baiao_95_fill_4-4.mid,162 latin-brazilian-baiao
./Groove/drummer1/session1/81_dance-breakbeat_170_beat_4-4.mid,81 dance-breakbeat
./Groove/drummer1/session1/110_funk_95_fill_4-4.mid,110 funk
./Groove/drummer1/session1/92_neworleans-funk_84_fill_4-4.mid,92 neworleans-funk
./Groove/drummer1/session1/207_rock-halftime_140_fill_4-4.mid,207 rock-halftime
./Groove/drummer1/session1/154_latin-brazilian-baiao_95_fill_4-4.mid,154 latin-brazilian-baiao
./Groove/drummer1/session1/268_funk-purdieshuffle_130_fill_4-4.mid,268 funk-purdieshuffle
./Groove/drummer1/session1/78_jazz-fast_290_beat_4-4.mid,78 jazz-fast
./Groove/drummer1/session1/214_rock-halftime_140_fill_4-4.mid,214 rock-halftime
./Groove/drummer1/session1/163_latin-brazilian-baiao_95_fill_4-4.mid,163 latin-brazilian-baiao
./Groove/drummer1/session1/115_funk_95_fill_4-4.mid,115 funk
./Groove/drummer1/session1/14_jazz-funk_116_fill_4-4.mid,14 jazz-funk
./Groove/drummer1/session1/160_latin-brazilian-baiao_95_fill_4-4.mid,160 latin-brazilian-baiao
./Groove/drummer1/session1/45_latin-samba_116_fill_4-4.mid,45 latin-samba
./Groove/drummer1/session1/18_jazz-funk_116_fill_4-4.mid,18 jazz-funk
./Groove/drummer1/session1/157_latin-brazilian-baiao_95_fill_4-4.mid,157 latin-brazilian-baiao
./Groove/drummer1/session1/184_reggae_78_beat_4-4.mid,184 reggae
./Groove/drummer1/session1/188_reggae_78_fill_4-4.mid,188 reggae
./Groove/drummer1/session1/212_rock-halftime_140_fill_4-4.mid,212 rock-halftime
./Groove/drummer1/session1/161_latin-brazilian-baiao_95_fill_4-4.mid,161 latin-brazilian-baiao
./Groove/drummer1/session1/156_latin-brazilian-baiao_95_fill_4-4.mid,156 latin-brazilian-baiao
./Groove/drummer1/session1/21_jazz-funk_116_fill_4-4.mid,21 jazz-funk
./Groove/drummer1/session1/50_jazz_125_beat_4-4.mid,50 jazz
./Groove/drummer1/session1/97_neworleans-funk_84_fill_4-4.mid,97 neworleans-funk
./Groove/drummer1/session1/122_funk_95_fill_4-4.mid,122 funk
./Groove/drummer1/session1/3_funk_80_beat_4-4.mid,3 funk
./Groove/drummer1/session1/167_latin-brazilian-baiao_95_fill_4-4.mid,167 latin-brazilian-baiao
./Groove/drummer1/session1/218_rock-halftime_140_fill_4-4.mid,218 rock-halftime
./Groove/drummer1/session1/150_latin-brazilian-baiao_95_fill_4-4.mid,150 latin-brazilian-baiao
./Groove/drummer1/session1/243_funk-purdieshuffle_130_fill_4-4.mid,243 funk-purdieshuffle
./Groove/drummer1/session1/166_latin-brazilian-baiao_95_fill_4-4.mid,166 latin-brazilian-baiao
./Groove/drummer1/session1/135_funk-fast_125_fill_4-4.mid,135 funk-fast
./Groove/drummer1/session1/139_funk-fast_125_fill_4-4.mid,139 funk-fast
./Groove/drummer1/session1/151_latin-brazilian-baiao_95_fill_4-4.mid,151 latin-brazilian-baiao
./Groove/drummer1/session1/176_afrocuban_105_beat_4-4.mid,176 afrocuban
./Groove/drummer1/session1/152_latin-brazilian-baiao_95_fill_4-4.mid,152 latin-brazilian-baiao
./Groove/drummer1/session1/36_latin-samba_116_fill_4-4.mid,36 latin-samba
./Groove/drummer1/session1/177_afrocuban_105_fill_4-4.mid,177 afrocuban
./Groove/drummer1/session1/72_jazz_125_fill_4-4.mid,72 jazz
./Groove/drummer1/session1/165_latin-brazilian-baiao_95_fill_4-4.mid,165 latin-brazilian-baiao
./Groove/drummer1/session1/250_funk-purdieshuffle_130_fill_4-4.mid,250 funk-purdieshuffle
./Groove/drummer1/session1/153_latin-brazilian-baiao_95_fill_4-4.mid,153 latin-brazilian-baiao
./Groove/drummer1/session1/185_reggae_78_fill_4-4.mid,185 reggae
./Groove/drummer1/session1/85_neworleans-funk_84_fill_4-4.mid,85 neworleans-funk
./Groove/drummer1/session1/64_jazz_125_fill_4-4.mid,64 jazz
./Groove/drummer1/session1/267_funk-purdieshuffle_130_fill_4-4.mid,267 funk-purdieshuffle
./Groove/drummer1/session1/180_afrocuban_105_fill_4-4.mid,180 afrocuban
./Groove/drummer1/session1/164_latin-brazilian-baiao_95_fill_4-4.mid,164 latin-brazilian-baiao
./Groove/drummer1/session1/128_funk-fast_125_fill_4-4.mid,128 funk-fast
./Groove/drummer1/session1/223_rock-halftime_140_fill_4-4.mid,223 rock-halftime
./Groove/drummer1/session1/230_rock-halftime_140_fill_4-4.mid,230 rock-halftime
./Groove/drummer1/session1/132_funk-fast_125_fill_4-4.mid,132 funk-fast
./Groove/drummer1/session1/54_jazz_125_fill_4-4.mid,54 jazz
./Groove/drummer1/session1/186_reggae_78_fill_4-4.mid,186 reggae
./Groove/drummer1/session1/236_rock-halftime_140_fill_4-4.mid,236 rock-halftime
./Groove/drummer1/session1/88_neworleans-funk_84_fill_4-4.mid,88 neworleans-funk
./Groove/drummer1/session1/35_latin-samba_116_fill_4-4.mid,35 latin-samba
./Groove/drummer1/session1/28_latin-samba_116_beat_4-4.mid,28 latin-samba
./Groove/drummer1/session1/108_funk_95_fill_4-4.mid,108 funk
./Groove/drummer1/session1/225_rock-halftime_140_fill_4-4.mid,225 rock-halftime
./Groove/drummer1/session1/70_jazz_125_fill_4-4.mid,70 jazz
./Groove/drummer1/session1/240_funk-purdieshuffle_130_fill_4-4.mid,240 funk-purdieshuffle
./Groove/drummer1/session1/141_funk-fast_125_fill_4-4.mid,141 funk-fast
./Groove/drummer1/session1/26_jazz-funk_116_fill_4-4.mid,26 jazz-funk
./Groove/drummer1/session1/4_jazz-funk_116_beat_4-4.mid,4 jazz-funk
./Groove/drummer1/session1/107_funk_95_fill_4-4.mid,107 funk
./Groove/drummer1/session1/13_jazz-funk_116_fill_4-4.mid,13 jazz-funk
./Groove/drummer1/session1/66_jazz_125_fill_4-4.mid,66 jazz
./Groove/drummer1/session1/253_funk-purdieshuffle_130_fill_4-4.mid,253 funk-purdieshuffle
./Groove/drummer1/session1/52_jazz_125_beat_4-4.mid,52 jazz
./Groove/drummer1/session1/229_rock-halftime_140_fill_4-4.mid,229 rock-halftime
./Groove/drummer1/session1/264_funk-purdieshuffle_130_fill_4-4.mid,264 funk-purdieshuffle
./Groove/drummer1/session1/46_latin-samba_116_fill_4-4.mid,46 latin-samba
./Groove/drummer1/session1/9_jazz-funk_116_fill_4-4.mid,9 jazz-funk
./Groove/drummer1/session1/16_jazz-funk_116_fill_4-4.mid,16 jazz-funk
./Groove/drummer1/session1/84_neworleans-funk_84_fill_4-4.mid,84 neworleans-funk
./Groove/drummer1/session1/34_latin-samba_116_fill_4-4.mid,34 latin-samba
./Groove/drummer1/session1/144_funk-fast_125_fill_4-4.mid,144 funk-fast
./Groove/drummer1/session1/53_jazz_125_fill_4-4.mid,53 jazz
./Groove/drummer1/session1/23_jazz-funk_116_fill_4-4.mid,23 jazz-funk
./Groove/drummer1/session1/101_dance-disco_120_beat_4-4.mid,101 dance-disco
./Groove/drummer1/session1/199_reggae_78_fill_4-4.mid,199 reggae
./Groove/drummer1/session1/258_funk-purdieshuffle_130_fill_4-4.mid,258 funk-purdieshuffle
./Groove/drummer1/session1/104_funk_95_fill_4-4.mid,104 funk
./Groove/drummer1/session1/193_reggae_78_fill_4-4.mid,193 reggae
./Groove/drummer1/session1/69_jazz_125_fill_4-4.mid,69 jazz
./Groove/drummer1/session1/96_neworleans-funk_84_fill_4-4.mid,96 neworleans-funk
./Groove/drummer1/session1/208_rock-halftime_140_fill_4-4.mid,208 rock-halftime
./Groove/drummer1/session1/211_rock-halftime_140_fill_4-4.mid,211 rock-halftime
./Groove/drummer1/session1/257_funk-purdieshuffle_130_fill_4-4.mid,257 funk-purdieshuffle
./Groove/drummer1/session1/179_afrocuban_105_fill_4-4.mid,179 afrocuban
./Groove/drummer1/session1/260_funk-purdieshuffle_130_fill_4-4.mid,260 funk-purdieshuffle
./Groove/drummer1/session1/182_afrocuban_105_fill_4-4.mid,182 afrocuban
./Groove/drummer1/session1/76_jazz-mediumfast_180_beat_4-4.mid,76 jazz-mediumfast
./Groove/drummer1/session1/204_rock-halftime_140_fill_4-4.mid,204 rock-halftime
./Groove/drummer1/session1/183_afrocuban_105_beat_4-4.mid,183 afrocuban
./Groove/drummer1/session1/244_funk-purdieshuffle_130_fill_4-4.mid,244 funk-purdieshuffle
./Groove/drummer1/session1/61_jazz_125_fill_4-4.mid,61 jazz
./Groove/drummer1/session1/217_rock-halftime_140_fill_4-4.mid,217 rock-halftime
./Groove/drummer1/session1/93_neworleans-funk_84_fill_4-4.mid,93 neworleans-funk
./Groove/drummer1/session1/82_neworleans-funk_84_beat_4-4.mid,82 neworleans-funk
./Groove/drummer1/session1/137_funk-fast_125_fill_4-4.mid,137 funk-fast
./Groove/drummer1/session1/194_reggae_78_fill_4-4.mid,194 reggae
./Groove/drummer1/session1/248_funk-purdieshuffle_130_fill_4-4.mid,248 funk-purdieshuffle
./Groove/drummer1/session1/130_funk-fast_125_fill_4-4.mid,130 funk-fast
./Groove/drummer1/session1/51_rock-shuffle_125_beat_4-4.mid,51 rock-shuffle
./Groove/drummer1/session1/124_funk_95_fill_4-4.mid,124 funk
./Groove/drummer1/session1/44_latin-samba_116_fill_4-4.mid,44 latin-samba
./Groove/drummer1/session1/197_reggae_78_fill_4-4.mid,197 reggae
./Groove/drummer1/session1/174_latin-brazilian-baiao_95_fill_4-4.mid,174 latin-brazilian-baiao
./Groove/drummer1/session1/121_funk_95_fill_4-4.mid,121 funk
./Groove/drummer1/session1/175_latin-brazilian-baiao_95_fill_4-4.mid,175 latin-brazilian-baiao
./Groove/drummer1/session1/119_funk_95_fill_4-4.mid,119 funk
./Groove/drummer1/session1/49_jazz_125_beat_4-4.mid,49 jazz
./Groove/drummer1/session1/63_jazz_125_fill_4-4.mid,63 jazz
./Groove/drummer1/session1/89_neworleans-funk_84_fill_4-4.mid,89 neworleans-funk
./Groove/drummer1/session1/116_funk_95_fill_4-4.mid,116 funk
./Groove/drummer1/session1/173_latin-brazilian-baiao_95_fill_4-4.mid,173 latin-brazilian-baiao
./Groove/drummer1/session1/235_rock-halftime_140_fill_4-4.mid,235 rock-halftime
./Groove/drummer1/session1/226_rock-halftime_140_fill_4-4.mid,226 rock-halftime
./Groove/drummer1/session1/254_funk-purdieshuffle_130_fill_4-4.mid,254 funk-purdieshuffle
./Groove/drummer1/session1/39_latin-samba_116_fill_4-4.mid,39 latin-samba
./Groove/drummer1/session1/172_latin-brazilian-baiao_95_fill_4-4.mid,172 latin-brazilian-baiao
./Groove/drummer1/session1/100_neworleans-secondline_94_beat_4-4.mid,100 neworleans-secondline
./Groove/drummer1/session1/37_latin-samba_116_fill_4-4.mid,37 latin-samba
./Groove/drummer1/session1/7_jazz-funk_116_fill_4-4.mid,7 jazz-funk
./Groove/drummer1/session1/263_funk-purdieshuffle_130_fill_4-4.mid,263 funk-purdieshuffle
./Groove/drummer1/session1/59_jazz_125_fill_4-4.mid,59 jazz
./Groove/drummer1/session1/190_reggae_78_fill_4-4.mid,190 reggae
./Groove/drummer1/session1/220_rock-halftime_140_fill_4-4.mid,220 rock-halftime
./Groove/drummer1/session1/143_funk-fast_125_fill_4-4.mid,143 funk-fast
./Groove/drummer1/session1/233_rock-halftime_140_fill_4-4.mid,233 rock-halftime
./Groove/drummer1/session1/24_jazz-funk_116_fill_4-4.mid,24 jazz-funk
./Groove/drummer1/session1/171_latin-brazilian-baiao_95_fill_4-4.mid,171 latin-brazilian-baiao
./Groove/drummer1/session1/113_funk_95_fill_4-4.mid,113 funk
./Groove/drummer1/session1/247_funk-purdieshuffle_130_fill_4-4.mid,247 funk-purdieshuffle
./Groove/drummer1/session1/11_jazz-funk_116_fill_4-4.mid,11 jazz-funk
./Groove/drummer1/session1/147_latin-brazilian-baiao_95_fill_4-4.mid,147 latin-brazilian-baiao
./Groove/drummer1/session1/170_latin-brazilian-baiao_95_fill_4-4.mid,170 latin-brazilian-baiao
./Groove/drummer1/session1/126_funk-fast_125_beat_4-4.mid,126 funk-fast
./Groove/drummer1/session1/209_rock-halftime_140_fill_4-4.mid,209 rock-halftime
./Groove/drummer1/session1/131_funk-fast_125_fill_4-4.mid,131 funk-fast
./Groove/drummer1/session1/191_reggae_78_fill_4-4.mid,191 reggae
./Groove/drummer1/session1/159_latin-brazilian-baiao_95_fill_4-4.mid,159 latin-brazilian-baiao
./Groove/drummer1/session1/65_jazz_125_fill_4-4.mid,65 jazz
./Groove/drummer1/session1/42_latin-samba_116_fill_4-4.mid,42 latin-samba
./Groove/drummer1/session1/127_funk-fast_125_fill_4-4.mid,127 funk-fast
./Groove/drummer1/session1/73_jazz_125_fill_4-4.mid,73 jazz
./Groove/drummer1/session1/158_latin-brazilian-baiao_95_fill_4-4.mid,158 latin-brazilian-baiao
./Groove/drummer1/session1/266_funk-purdieshuffle_130_fill_4-4.mid,266 funk-purdieshuffle
./Groove/drummer1/session1/169_latin-brazilian-baiao_95_fill_4-4.mid,169 latin-brazilian-baiao
./Groove/drummer1/session1/216_rock-halftime_140_fill_4-4.mid,216 rock-halftime
./Groove/drummer1/session1/6_jazz-funk_116_fill_4-4.mid,6 jazz-funk
./Groove/drummer1/session1/205_rock-halftime_140_fill_4-4.mid,205 rock-halftime
./Groove/drummer1/session1/146_latin-brazilian-baiao_95_beat_4-4.mid,146 latin-brazilian-baiao
./Groove/drummer1/session1/196_reggae_78_fill_4-4.mid,196 reggae
./Groove/drummer1/session1/57_jazz_125_fill_4-4.mid,57 jazz
./Groove/drummer1/session1/251_funk-purdieshuffle_130_fill_4-4.mid,251 funk-purdieshuffle
./Groove/drummer1/session1/168_latin-brazilian-baiao_95_fill_4-4.mid,168 latin-brazilian-baiao
./Groove/drummer1/session1/31_latin-samba_116_fill_4-4.mid,31 latin-samba
./Groove/drummer1/session1/10_jazz-funk_116_fill_4-4.mid,10 jazz-funk
./Groove/drummer1/session1/203_rock-halftime_140_fill_4-4.mid,203 rock-halftime
./Groove/drummer1/session1/210_rock-halftime_140_fill_4-4.mid,210 rock-halftime
./Groove/drummer1/session1/75_jazz_125_beat_4-4.mid,75 jazz
./Groove/drummer1/session1/105_funk_95_fill_4-4.mid,105 funk
./Groove/drummer1/session1/142_funk-fast_125_fill_4-4.mid,142 funk-fast
./Groove/drummer1/session1/242_funk-purdieshuffle_130_fill_4-4.mid,242 funk-purdieshuffle
./Groove/drummer1/session1/145_latin-brazilian-baiao_95_beat_4-4.mid,145 latin-brazilian-baiao
./Groove/drummer1/session1/98_neworleans-funk_84_fill_4-4.mid,98 neworleans-funk
./Groove/drummer1/session1/25_jazz-funk_116_fill_4-4.mid,25 jazz-funk
./Groove/drummer1/session1/67_jazz_125_fill_4-4.mid,67 jazz
./Groove/drummer1/session1/87_neworleans-funk_84_fill_4-4.mid,87 neworleans-funk
./Groove/drummer1/session1/195_reggae_78_fill_4-4.mid,195 reggae
./Groove/drummer1/session1/200_reggae_78_fill_4-4.mid,200 reggae
./Groove/drummer1/session1/22_jazz-funk_116_fill_4-4.mid,22 jazz-funk
./Groove/drummer1/session1/17_jazz-funk_116_fill_4-4.mid,17 jazz-funk
./Groove/drummer1/session1/71_jazz_125_fill_4-4.mid,71 jazz
./Groove/drummer1/session1/117_funk_95_fill_4-4.mid,117 funk
./Groove/drummer1/session1/29_latin-samba_116_fill_4-4.mid,29 latin-samba
./Groove/drummer1/session1/238_rock-halftime_140_fill_4-4.mid,238 rock-halftime
./Groove/drummer1/session1/112_funk_95_fill_4-4.mid,112 funk
./Groove/drummer1/session1/95_neworleans-funk_84_fill_4-4.mid,95 neworleans-funk
./Groove/drummer1/session1/32_latin-samba_116_fill_4-4.mid,32 latin-samba
./Groove/drummer1/session1/80_dance-breakbeat_170_beat_4-4.mid,80 dance-breakbeat
./Groove/drummer1/session1/232_rock-halftime_140_fill_4-4.mid,232 rock-halftime
./Groove/drummer1/session1/265_funk-purdieshuffle_130_fill_4-4.mid,265 funk-purdieshuffle
./Groove/drummer1/session1/221_rock-halftime_140_fill_4-4.mid,221 rock-halftime
./Groove/drummer1/session1/192_reggae_78_fill_4-4.mid,192 reggae
./Groove/drummer1/session1/198_reggae_78_fill_4-4.mid,198 reggae
./Groove/drummer1/session1/125_funk_95_fill_4-4.mid,125 funk
./Groove/drummer1/session1/178_afrocuban_105_fill_4-4.mid,178 afrocuban
./Groove/drummer1/session1/252_funk-purdieshuffle_130_fill_4-4.mid,252 funk-purdieshuffle
./Groove/drummer1/session1/227_rock-halftime_140_fill_4-4.mid,227 rock-halftime
./Groove/drummer1/session1/202_rock-halftime_140_beat_4-4.mid,202 rock-halftime
./Groove/drummer1/session1/136_funk-fast_125_fill_4-4.mid,136 funk-fast
./Groove/drummer1/session1/90_neworleans-funk_84_fill_4-4.mid,90 neworleans-funk
./Groove/drummer1/session1/118_funk_95_fill_4-4.mid,118 funk
./Groove/drummer1/session1/234_rock-halftime_140_fill_4-4.mid,234 rock-halftime
./Groove/drummer1/session1/55_jazz_125_fill_4-4.mid,55 jazz
./Groove/drummer1/session1/41_latin-samba_116_fill_4-4.mid,41 latin-samba
./Groove/drummer1/session1/120_funk_95_fill_4-4.mid,120 funk
./Groove/drummer1/session1/1_funk_80_beat_4-4.mid,1 funk
./Groove/drummer1/session1/241_funk-purdieshuffle_130_fill_4-4.mid,241 funk-purdieshuffle
./Groove/drummer7/session3/33_hiphop_67_fill_4-4.mid,33 hiphop
./Groove/drummer7/session3/116_rock_95_fill_4-4.mid,116 rock
./Groove/drummer7/session3/103_hiphop_70_fill_4-4.mid,103 hiphop
./Groove/drummer7/session3/5_rock_60_fill_4-4.mid,5 rock
./Groove/drummer7/session3/61_funk_112_fill_4-4.mid,61 funk
./Groove/drummer7/session3/113_rock_95_fill_4-4.mid,113 rock
./Groove/drummer7/session3/120_rock_93_beat_4-4.mid,120 rock
./Groove/drummer7/session3/44_rock-indie_63_fill_4-4.mid,44 rock-indie
./Groove/drummer7/session3/98_hiphop_70_fill_4-4.mid,98 hiphop
./Groove/drummer7/session3/137_soul_105_fill_4-4.mid,137 soul
./Groove/drummer7/session3/87_neworleans-funk_93_fill_4-4.mid,87 neworleans-funk
./Groove/drummer7/session3/38_hiphop_67_beat_4-4.mid,38 hiphop
./Groove/drummer7/session3/34_hiphop_67_fill_4-4.mid,34 hiphop
./Groove/drummer7/session3/159_soul_98_beat_4-4.mid,159 soul
./Groove/drummer7/session3/17_pop-soft_83_fill_4-4.mid,17 pop-soft
./Groove/drummer7/session3/90_neworleans-funk_93_fill_4-4.mid,90 neworleans-funk
./Groove/drummer7/session3/53_funk_112_fill_4-4.mid,53 funk
./Groove/drummer7/session3/20_pop-soft_83_fill_4-4.mid,20 pop-soft
./Groove/drummer7/session3/104_hiphop_70_fill_4-4.mid,104 hiphop
./Groove/drummer7/session3/95_hiphop_70_fill_4-4.mid,95 hiphop
./Groove/drummer7/session3/82_neworleans-funk_93_fill_4-4.mid,82 neworleans-funk
./Groove/drummer7/session3/131_soul_105_beat_4-4.mid,131 soul
./Groove/drummer7/session3/13_pop-soft_83_fill_4-4.mid,13 pop-soft
./Groove/drummer7/session3/147_soul_105_fill_4-4.mid,147 soul
./Groove/drummer7/session3/79_neworleans-funk_93_fill_4-4.mid,79 neworleans-funk
./Groove/drummer7/session3/107_hiphop_70_fill_4-4.mid,107 hiphop
./Groove/drummer7/session3/63_funk_112_fill_4-4.mid,63 funk
./Groove/drummer7/session3/135_soul_105_fill_4-4.mid,135 soul
./Groove/drummer7/session3/37_hiphop_67_fill_4-4.mid,37 hiphop
./Groove/drummer7/session3/59_funk_112_fill_4-4.mid,59 funk
./Groove/drummer7/session3/96_hiphop_70_fill_4-4.mid,96 hiphop
./Groove/drummer7/session3/158_soul_98_fill_4-4.mid,158 soul
./Groove/drummer7/session3/74_neworleans-funk_93_fill_4-4.mid,74 neworleans-funk
./Groove/drummer7/session3/121_rock_93_fill_4-4.mid,121 rock
./Groove/drummer7/session3/43_rock-indie_63_fill_4-4.mid,43 rock-indie
./Groove/drummer7/session3/100_hiphop_70_fill_4-4.mid,100 hiphop
./Groove/drummer7/session3/65_funk_112_beat_4-4.mid,65 funk
./Groove/drummer7/session3/157_soul_98_fill_4-4.mid,157 soul
./Groove/drummer7/session3/145_soul_105_fill_4-4.mid,145 soul
./Groove/drummer7/session3/133_soul_105_beat_4-4.mid,133 soul
./Groove/drummer7/session3/30_hiphop_67_fill_4-4.mid,30 hiphop
./Groove/drummer7/session3/106_hiphop_70_beat_4-4.mid,106 hiphop
./Groove/drummer7/session3/152_soul_98_fill_4-4.mid,152 soul
./Groove/drummer7/session3/71_neworleans-funk_93_fill_4-4.mid,71 neworleans-funk
./Groove/drummer7/session3/124_rock_93_fill_4-4.mid,124 rock
./Groove/drummer7/session3/51_funk_112_fill_4-4.mid,51 funk
./Groove/drummer7/session3/117_rock_95_beat_4-4.mid,117 rock
./Groove/drummer7/session3/49_funk_112_beat_4-4.mid,49 funk
./Groove/drummer7/session3/1_rock_60_beat_4-4.mid,1 rock
./Groove/drummer7/session3/57_funk_112_fill_4-4.mid,57 funk
./Groove/drummer7/session3/10_rock_60_beat_4-4.mid,10 rock
./Groove/drummer7/session3/118_rock_95_fill_4-4.mid,118 rock
./Groove/drummer7/session3/31_hiphop_67_fill_4-4.mid,31 hiphop
./Groove/drummer7/session3/77_neworleans-funk_93_fill_4-4.mid,77 neworleans-funk
./Groove/drummer7/session3/101_hiphop_70_fill_4-4.mid,101 hiphop
./Groove/drummer7/session3/143_soul_105_fill_4-4.mid,143 soul
./Groove/drummer7/session3/47_funk_112_beat_4-4.mid,47 funk
./Groove/drummer7/session3/97_hiphop_70_fill_4-4.mid,97 hiphop
./Groove/drummer7/session3/42_rock-indie_63_fill_4-4.mid,42 rock-indie
./Groove/drummer7/session3/72_neworleans-funk_93_fill_4-4.mid,72 neworleans-funk
./Groove/drummer7/session3/36_hiphop_67_fill_4-4.mid,36 hiphop
./Groove/drummer7/session3/89_neworleans-funk_93_fill_4-4.mid,89 neworleans-funk
./Groove/drummer7/session3/112_rock_95_fill_4-4.mid,112 rock
./Groove/drummer7/session3/4_rock_60_fill_4-4.mid,4 rock
./Groove/drummer7/session3/139_soul_105_fill_4-4.mid,139 soul
./Groove/drummer7/session3/92_hiphop_70_beat_4-4.mid,92 hiphop
./Groove/drummer7/session3/156_soul_98_fill_4-4.mid,156 soul
./Groove/drummer7/session3/94_hiphop_70_fill_4-4.mid,94 hiphop
./Groove/drummer7/session3/141_soul_105_fill_4-4.mid,141 soul
./Groove/drummer7/session3/45_rock-indie_63_fill_4-4.mid,45 rock-indie
./Groove/drummer7/session3/105_hiphop_70_fill_4-4.mid,105 hiphop
./Groove/drummer7/session3/125_rock_93_fill_4-4.mid,125 rock
./Groove/drummer7/session3/84_neworleans-funk_93_fill_4-4.mid,84 neworleans-funk
./Groove/drummer7/session3/35_hiphop_67_fill_4-4.mid,35 hiphop
./Groove/drummer7/session3/153_soul_98_fill_4-4.mid,153 soul
./Groove/drummer7/session3/55_funk_112_fill_4-4.mid,55 funk
./Groove/drummer7/session3/149_soul_105_fill_4-4.mid,149 soul
./Groove/drummer7/session3/99_hiphop_70_fill_4-4.mid,99 hiphop
./Groove/drummer7/session3/68_neworleans-funk_93_fill_4-4.mid,68 neworleans-funk
./Groove/drummer7/session3/12_pop-soft_83_fill_4-4.mid,12 pop-soft
./Groove/drummer7/session3/93_hiphop_70_fill_4-4.mid,93 hiphop
./Groove/drummer7/session3/119_rock_95_beat_4-4.mid,119 rock
./Groove/drummer7/session3/81_neworleans-funk_93_fill_4-4.mid,81 neworleans-funk
./Groove/drummer7/session3/102_hiphop_70_fill_4-4.mid,102 hiphop
./Groove/drummer7/session3/16_pop-soft_83_fill_4-4.mid,16 pop-soft
./Groove/drummer7/session3/21_pop-soft_83_fill_4-4.mid,21 pop-soft
./Groove/drummer7/session3/32_hiphop_67_fill_4-4.mid,32 hiphop
./Groove/drummer7/session3/52_funk_112_fill_4-4.mid,52 funk
./Groove/drummer7/session3/88_neworleans-funk_93_fill_4-4.mid,88 neworleans-funk
./Groove/drummer7/session3/73_neworleans-funk_93_fill_4-4.mid,73 neworleans-funk
./Groove/drummer7/session3/130_soul_105_beat_4-4.mid,130 soul
./Groove/drummer7/session3/146_soul_105_fill_4-4.mid,146 soul
./Groove/drummer7/session3/76_neworleans-funk_93_fill_4-4.mid,76 neworleans-funk
./Groove/drummer7/session3/67_neworleans-funk_93_beat_4-4.mid,67 neworleans-funk
./Groove/drummer7/session3/126_rock_93_fill_4-4.mid,126 rock
./Groove/drummer7/session3/27_hiphop_67_fill_4-4.mid,27 hiphop
./Groove/drummer7/session3/136_soul_105_fill_4-4.mid,136 soul
./Groove/drummer7/session3/155_soul_98_fill_4-4.mid,155 soul
./Groove/drummer7/session3/40_rock-indie_63_fill_4-4.mid,40 rock-indie
./Groove/drummer7/session3/60_funk_112_fill_4-4.mid,60 funk
./Groove/drummer7/session3/123_rock_93_fill_4-4.mid,123 rock
./Groove/drummer7/session3/91_neworleans-funk_93_beat_4-4.mid,91 neworleans-funk
./Groove/drummer7/session3/144_soul_105_fill_4-4.mid,144 soul
./Groove/drummer7/session3/132_soul_105_beat_4-4.mid,132 soul
./Groove/drummer7/session3/22_pop-soft_83_beat_4-4.mid,22 pop-soft
./Groove/drummer7/session3/111_rock_95_fill_4-4.mid,111 rock
./Groove/drummer7/session3/80_neworleans-funk_93_fill_4-4.mid,80 neworleans-funk
./Groove/drummer7/session3/64_funk_112_beat_4-4.mid,64 funk
./Groove/drummer7/session3/14_pop-soft_83_fill_4-4.mid,14 pop-soft
./Groove/drummer7/session3/7_rock_60_fill_4-4.mid,7 rock
./Groove/drummer7/session3/50_funk_112_fill_4-4.mid,50 funk
./Groove/drummer7/session3/48_funk_112_beat_4-4.mid,48 funk
./Groove/drummer7/session3/11_pop-soft_83_beat_4-4.mid,11 pop-soft
./Groove/drummer7/session3/151_soul_98_beat_4-4.mid,151 soul
./Groove/drummer7/session3/2_rock_60_fill_4-4.mid,2 rock
./Groove/drummer7/session3/69_neworleans-funk_93_fill_4-4.mid,69 neworleans-funk
./Groove/drummer7/session3/46_rock-indie_63_beat_4-4.mid,46 rock-indie
./Groove/drummer7/session3/114_rock_95_fill_4-4.mid,114 rock
./Groove/drummer7/session3/134_soul_105_fill_4-4.mid,134 soul
./Groove/drummer7/session3/85_neworleans-funk_93_fill_4-4.mid,85 neworleans-funk
./Groove/drummer7/session3/108_rock_95_beat_4-4.mid,108 rock
./Groove/drummer7/session3/39_rock-indie_63_beat_4-4.mid,39 rock-indie
./Groove/drummer7/session3/62_funk_112_fill_4-4.mid,62 funk
./Groove/drummer7/session3/29_hiphop_67_fill_4-4.mid,29 hiphop
./Groove/drummer7/session3/8_rock_60_fill_4-4.mid,8 rock
./Groove/drummer7/session3/18_pop-soft_83_fill_4-4.mid,18 pop-soft
./Groove/drummer7/session3/58_funk_112_fill_4-4.mid,58 funk
./Groove/drummer7/session3/78_neworleans-funk_93_fill_4-4.mid,78 neworleans-funk
./Groove/drummer7/session3/127_rock_93_fill_4-4.mid,127 rock
./Groove/drummer7/session3/24_hiphop_67_beat_4-4.mid,24 hiphop
./Groove/drummer7/session3/28_hiphop_67_fill_4-4.mid,28 hiphop
./Groove/drummer7/session3/83_neworleans-funk_93_fill_4-4.mid,83 neworleans-funk
./Groove/drummer7/session3/15_pop-soft_83_fill_4-4.mid,15 pop-soft
./Groove/drummer7/session3/122_rock_93_fill_4-4.mid,122 rock
./Groove/drummer7/session3/154_soul_98_fill_4-4.mid,154 soul
./Groove/drummer7/session3/23_pop-soft_83_beat_4-4.mid,23 pop-soft
./Groove/drummer7/session3/86_neworleans-funk_93_fill_4-4.mid,86 neworleans-funk
./Groove/drummer7/session3/56_funk_112_fill_4-4.mid,56 funk
./Groove/drummer7/session3/25_hiphop_67_fill_4-4.mid,25 hiphop
./Groove/drummer7/session3/19_pop-soft_83_fill_4-4.mid,19 pop-soft
./Groove/drummer7/session3/142_soul_105_fill_4-4.mid,142 soul
./Groove/drummer7/session3/128_rock_93_fill_4-4.mid,128 rock
./Groove/drummer7/session3/109_rock_95_beat_4-4.mid,109 rock
./Groove/drummer7/session3/129_rock_93_beat_4-4.mid,129 rock
./Groove/drummer7/session3/66_funk_112_fill_4-4.mid,66 funk
./Groove/drummer7/session3/148_soul_105_fill_4-4.mid,148 soul
./Groove/drummer7/session3/150_soul_105_beat_4-4.mid,150 soul
./Groove/drummer7/session3/70_neworleans-funk_93_fill_4-4.mid,70 neworleans-funk
./Groove/drummer7/session3/26_hiphop_67_fill_4-4.mid,26 hiphop
./Groove/drummer7/session3/9_rock_60_fill_4-4.mid,9 rock
./Groove/drummer7/session3/6_rock_60_fill_4-4.mid,6 rock
./Groove/drummer7/session3/75_neworleans-funk_93_fill_4-4.mid,75 neworleans-funk
./Groove/drummer7/session3/110_rock_95_fill_4-4.mid,110 rock
./Groove/drummer7/session3/140_soul_105_fill_4-4.mid,140 soul
./Groove/drummer7/session3/138_soul_105_fill_4-4.mid,138 soul
./Groove/drummer7/session3/115_rock_95_fill_4-4.mid,115 rock
./Groove/drummer7/session3/41_rock-indie_63_fill_4-4.mid,41 rock-indie
./Groove/drummer7/session3/3_rock_60_fill_4-4.mid,3 rock
./Groove/drummer7/session3/54_funk_112_fill_4-4.mid,54 funk
./Groove/drummer7/session2/83_country_78_fill_4-4.mid,83 country
./Groove/drummer7/session2/11_rock_95_fill_4-4.mid,11 rock
./Groove/drummer7/session2/79_funk_100_beat_4-4.mid,79 funk
./Groove/drummer7/session2/112_jazz-fusion_96_beat_4-4.mid,112 jazz-fusion
./Groove/drummer7/session2/35_rock_75_fill_4-4.mid,35 rock
./Groove/drummer7/session2/6_rock_120_beat_4-4.mid,6 rock
./Groove/drummer7/session2/18_rock_118_fill_4-4.mid,18 rock
./Groove/drummer7/session2/49_rock_135_beat_4-4.mid,49 rock
./Groove/drummer7/session2/51_rock_135_fill_4-4.mid,51 rock
./Groove/drummer7/session2/47_rock_135_fill_4-4.mid,47 rock
./Groove/drummer7/session2/69_rock_145_fill_4-4.mid,69 rock
./Groove/drummer7/session2/24_rock_118_beat_4-4.mid,24 rock
./Groove/drummer7/session2/127_hiphop_140_fill_4-4.mid,127 hiphop
./Groove/drummer7/session2/119_jazz-fusion_96_fill_4-4.mid,119 jazz-fusion
./Groove/drummer7/session2/42_rock_112_fill_4-4.mid,42 rock
./Groove/drummer7/session2/80_country_78_beat_4-4.mid,80 country
./Groove/drummer7/session2/105_pop_132_beat_4-4.mid,105 pop
./Groove/drummer7/session2/128_hiphop_140_fill_4-4.mid,128 hiphop
./Groove/drummer7/session2/54_soul-motown_148_beat_4-4.mid,54 soul-motown
./Groove/drummer7/session2/29_rock_75_beat_4-4.mid,29 rock
./Groove/drummer7/session2/130_hiphop_140_fill_4-4.mid,130 hiphop
./Groove/drummer7/session2/28_rock_75_fill_4-4.mid,28 rock
./Groove/drummer7/session2/60_soul-motown_148_fill_4-4.mid,60 soul-motown
./Groove/drummer7/session2/100_pop_142_beat_4-4.mid,100 pop
./Groove/drummer7/session2/20_rock_118_fill_4-4.mid,20 rock
./Groove/drummer7/session2/89_hiphop_75_fill_4-4.mid,89 hiphop
./Groove/drummer7/session2/75_funk_100_fill_4-4.mid,75 funk
./Groove/drummer7/session2/4_rock_120_beat_4-4.mid,4 rock
./Groove/drummer7/session2/116_jazz-fusion_96_fill_4-4.mid,116 jazz-fusion
./Groove/drummer7/session2/106_soul-motown_104_beat_4-4.mid,106 soul-motown
./Groove/drummer7/session2/108_soul-motown_104_beat_4-4.mid,108 soul-motown
./Groove/drummer7/session2/38_rock_112_fill_4-4.mid,38 rock
./Groove/drummer7/session2/26_rock_118_beat_4-4.mid,26 rock
./Groove/drummer7/session2/40_rock_112_fill_4-4.mid,40 rock
./Groove/drummer7/session2/57_soul-motown_148_fill_4-4.mid,57 soul-motown
./Groove/drummer7/session2/59_soul-motown_148_fill_4-4.mid,59 soul-motown
./Groove/drummer7/session2/118_jazz-fusion_96_fill_4-4.mid,118 jazz-fusion
./Groove/drummer7/session2/53_rock_135_beat_4-4.mid,53 rock
./Groove/drummer7/session2/104_pop_132_beat_4-4.mid,104 pop
./Groove/drummer7/session2/45_rock_135_beat_4-4.mid,45 rock
./Groove/drummer7/session2/133_hiphop_140_fill_4-4.mid,133 hiphop
./Groove/drummer7/session2/113_jazz-fusion_96_beat_4-4.mid,113 jazz-fusion
./Groove/drummer7/session2/34_rock_75_fill_4-4.mid,34 rock
./Groove/drummer7/session2/123_hiphop_140_beat_4-4.mid,123 hiphop
./Groove/drummer7/session2/2_rock_120_beat_4-4.mid,2 rock
./Groove/drummer7/session2/27_rock_75_beat_4-4.mid,27 rock
./Groove/drummer7/session2/65_rock_145_fill_4-4.mid,65 rock
./Groove/drummer7/session2/10_rock_95_fill_4-4.mid,10 rock
./Groove/drummer7/session2/88_hiphop_75_fill_4-4.mid,88 hiphop
./Groove/drummer7/session2/73_funk_100_fill_4-4.mid,73 funk
./Groove/drummer7/session2/31_rock_75_fill_4-4.mid,31 rock
./Groove/drummer7/session2/84_country_78_fill_4-4.mid,84 country
./Groove/drummer7/session2/122_jazz-fusion_96_fill_4-4.mid,122 jazz-fusion
./Groove/drummer7/session2/87_hiphop_75_beat_4-4.mid,87 hiphop
./Groove/drummer7/session2/14_rock_95_beat_4-4.mid,14 rock
./Groove/drummer7/session2/30_rock_75_beat_4-4.mid,30 rock
./Groove/drummer7/session2/124_hiphop_140_fill_4-4.mid,124 hiphop
./Groove/drummer7/session2/16_rock_118_fill_4-4.mid,16 rock
./Groove/drummer7/session2/110_soul-motown_104_fill_4-4.mid,110 soul-motown
./Groove/drummer7/session2/22_rock_118_beat_4-4.mid,22 rock
./Groove/drummer7/session2/44_rock_112_fill_4-4.mid,44 rock
./Groove/drummer7/session2/77_funk_100_beat_4-4.mid,77 funk
./Groove/drummer7/session2/71_rock_145_fill_4-4.mid,71 rock
./Groove/drummer7/session2/63_soul-motown_148_beat_4-4.mid,63 soul-motown
./Groove/drummer7/session2/117_jazz-fusion_96_fill_4-4.mid,117 jazz-fusion
./Groove/drummer7/session2/101_pop_142_beat_4-4.mid,101 pop
./Groove/drummer7/session2/67_rock_145_fill_4-4.mid,67 rock
./Groove/drummer7/session2/43_rock_112_fill_4-4.mid,43 rock
./Groove/drummer7/session2/94_hiphop_75_fill_4-4.mid,94 hiphop
./Groove/drummer7/session2/92_hiphop_75_beat_4-4.mid,92 hiphop
./Groove/drummer7/session2/111_soul-motown_104_fill_4-4.mid,111 soul-motown
./Groove/drummer7/session2/68_rock_145_fill_4-4.mid,68 rock
./Groove/drummer7/session2/99_pop_142_fill_4-4.mid,99 pop
./Groove/drummer7/session2/7_rock_120_beat_4-4.mid,7 rock
./Groove/drummer7/session2/12_rock_95_beat_4-4.mid,12 rock
./Groove/drummer7/session2/86_country_78_fill_4-4.mid,86 country
./Groove/drummer7/session2/78_funk_100_beat_4-4.mid,78 funk
./Groove/drummer7/session2/23_rock_118_fill_4-4.mid,23 rock
./Groove/drummer7/session2/9_rock_95_fill_4-4.mid,9 rock
./Groove/drummer7/session2/55_soul-motown_148_fill_4-4.mid,55 soul-motown
./Groove/drummer7/session2/131_hiphop_140_fill_4-4.mid,131 hiphop
./Groove/drummer7/session2/33_rock_75_beat_4-4.mid,33 rock
./Groove/drummer7/session2/19_rock_118_fill_4-4.mid,19 rock
./Groove/drummer7/session2/50_rock_135_fill_4-4.mid,50 rock
./Groove/drummer7/session2/32_rock_75_fill_4-4.mid,32 rock
./Groove/drummer7/session2/90_hiphop_75_fill_4-4.mid,90 hiphop
./Groove/drummer7/session2/129_hiphop_140_fill_4-4.mid,129 hiphop
./Groove/drummer7/session2/72_funk_100_beat_4-4.mid,72 funk
./Groove/drummer7/session2/37_rock_112_beat_4-4.mid,37 rock
./Groove/drummer7/session2/64_rock_145_beat_4-4.mid,64 rock
./Groove/drummer7/session2/41_rock_112_fill_4-4.mid,41 rock
./Groove/drummer7/session2/126_hiphop_140_fill_4-4.mid,126 hiphop
./Groove/drummer7/session2/97_pop_142_beat_4-4.mid,97 pop
./Groove/drummer7/session2/8_rock_95_beat_4-4.mid,8 rock
./Groove/drummer7/session2/121_jazz-fusion_96_fill_4-4.mid,121 jazz-fusion
./Groove/drummer7/session2/58_soul-motown_148_fill_4-4.mid,58 soul-motown
./Groove/drummer7/session2/56_soul-motown_148_fill_4-4.mid,56 soul-motown
./Groove/drummer7/session2/39_rock_112_fill_4-4.mid,39 rock
./Groove/drummer7/session2/13_rock_95_fill_4-4.mid,13 rock
./Groove/drummer7/session2/15_rock_118_beat_4-4.mid,15 rock
./Groove/drummer7/session2/107_soul-motown_104_fill_4-4.mid,107 soul-motown
./Groove/drummer7/session2/109_soul-motown_104_fill_4-4.mid,109 soul-motown
./Groove/drummer7/session2/115_jazz-fusion_96_beat_4-4.mid,115 jazz-fusion
./Groove/drummer7/session2/52_rock_135_fill_4-4.mid,52 rock
./Groove/drummer7/session2/74_funk_100_fill_4-4.mid,74 funk
./Groove/drummer7/session2/5_rock_120_beat_4-4.mid,5 rock
./Groove/drummer7/session2/82_country_78_fill_4-4.mid,82 country
./Groove/drummer7/session2/21_rock_118_fill_4-4.mid,21 rock
./Groove/drummer7/session2/102_pop_132_beat_4-4.mid,102 pop
./Groove/drummer7/session2/3_rock_120_beat_4-4.mid,3 rock
./Groove/drummer7/session2/61_soul-motown_148_fill_4-4.mid,61 soul-motown
./Groove/drummer7/session2/81_country_78_fill_4-4.mid,81 country
./Groove/drummer7/session2/91_hiphop_75_fill_4-4.mid,91 hiphop
./Groove/drummer7/session2/125_hiphop_140_fill_4-4.mid,125 hiphop
./Groove/drummer7/session2/98_pop_142_fill_4-4.mid,98 pop
./Groove/drummer7/session2/85_country_78_fill_4-4.mid,85 country
./Groove/drummer7/session2/114_jazz-fusion_96_beat_4-4.mid,114 jazz-fusion
./Groove/drummer7/session2/1_rock_120_beat_4-4.mid,1 rock
./Groove/drummer7/session2/103_pop_132_beat_4-4.mid,103 pop
./Groove/drummer7/session2/66_rock_145_fill_4-4.mid,66 rock
./Groove/drummer7/session2/25_rock_118_fill_4-4.mid,25 rock
./Groove/drummer7/session2/70_rock_145_fill_4-4.mid,70 rock
./Groove/drummer7/session2/132_hiphop_140_fill_4-4.mid,132 hiphop
./Groove/drummer7/session2/46_rock_135_beat_4-4.mid,46 rock
./Groove/drummer7/session2/17_rock_118_fill_4-4.mid,17 rock
./Groove/drummer7/session2/48_rock_135_fill_4-4.mid,48 rock
./Groove/drummer7/session2/93_hiphop_75_beat_4-4.mid,93 hiphop
./Groove/drummer7/session2/76_funk_100_beat_4-4.mid,76 funk
./Groove/drummer7/session2/96_pop_142_beat_4-4.mid,96 pop
./Groove/drummer7/session2/120_jazz-fusion_96_fill_4-4.mid,120 jazz-fusion
./Groove/drummer7/session2/36_rock_75_fill_4-4.mid,36 rock
./Groove/drummer7/session2/95_hiphop_75_fill_4-4.mid,95 hiphop
./Groove/drummer7/session2/62_soul-motown_148_fill_4-4.mid,62 soul-motown
./Groove/drummer7/eval_session/6_hiphop-groove6_87_beat_4-4.mid,6 hiphop-groove6
./Groove/drummer7/eval_session/3_soul-groove3_86_beat_4-4.mid,3 soul-groove3
./Groove/drummer7/eval_session/7_pop-groove7_138_beat_4-4.mid,7 pop-groove7
./Groove/drummer7/eval_session/5_funk-groove5_84_beat_4-4.mid,5 funk-groove5
./Groove/drummer7/eval_session/9_soul-groove9_105_beat_4-4.mid,9 soul-groove9
./Groove/drummer7/eval_session/1_funk-groove1_138_beat_4-4.mid,1 funk-groove1
./Groove/drummer7/eval_session/10_soul-groove10_102_beat_4-4.mid,10 soul-groove10
./Groove/drummer7/eval_session/4_soul-groove4_80_beat_4-4.mid,4 soul-groove4
./Groove/drummer7/eval_session/2_funk-groove2_105_beat_4-4.mid,2 funk-groove2
./Groove/drummer7/eval_session/8_rock-groove8_65_beat_4-4.mid,8 rock-groove8
./Groove/drummer7/session1/35_hiphop_100_fill_4-4.mid,35 hiphop
./Groove/drummer7/session1/4_rock_86_fill_4-4.mid,4 rock
./Groove/drummer7/session1/29_hiphop_100_fill_4-4.mid,29 hiphop
./Groove/drummer7/session1/10_rock_93_beat_4-4.mid,10 rock
./Groove/drummer7/session1/39_hiphop_100_beat_4-4.mid,39 hiphop
./Groove/drummer7/session1/26_hiphop_100_fill_4-4.mid,26 hiphop
./Groove/drummer7/session1/14_jazz_100_beat_4-4.mid,14 jazz
./Groove/drummer7/session1/12_funk_102_beat_4-4.mid,12 funk
./Groove/drummer7/session1/31_hiphop_100_fill_4-4.mid,31 hiphop
./Groove/drummer7/session1/11_rock_93_beat_4-4.mid,11 rock
./Groove/drummer7/session1/21_hiphop_100_fill_4-4.mid,21 hiphop
./Groove/drummer7/session1/40_hiphop_100_beat_4-4.mid,40 hiphop
./Groove/drummer7/session1/5_rock_86_fill_4-4.mid,5 rock
./Groove/drummer7/session1/32_hiphop_100_fill_4-4.mid,32 hiphop
./Groove/drummer7/session1/22_hiphop_100_beat_4-4.mid,22 hiphop
./Groove/drummer7/session1/1_rock_86_beat_4-4.mid,1 rock
./Groove/drummer7/session1/25_hiphop_100_fill_4-4.mid,25 hiphop
./Groove/drummer7/session1/36_hiphop_100_fill_4-4.mid,36 hiphop
./Groove/drummer7/session1/18_hiphop_100_beat_4-4.mid,18 hiphop
./Groove/drummer7/session1/17_hiphop_100_beat_4-4.mid,17 hiphop
./Groove/drummer7/session1/15_jazz_112_beat_4-4.mid,15 jazz
./Groove/drummer7/session1/8_rock_93_beat_4-4.mid,8 rock
./Groove/drummer7/session1/23_hiphop_100_fill_4-4.mid,23 hiphop
./Groove/drummer7/session1/30_hiphop_100_fill_4-4.mid,30 hiphop
./Groove/drummer7/session1/7_rock_93_beat_4-4.mid,7 rock
./Groove/drummer7/session1/19_hiphop_100_fill_4-4.mid,19 hiphop
./Groove/drummer7/session1/3_rock_86_fill_4-4.mid,3 rock
./Groove/drummer7/session1/27_hiphop_100_fill_4-4.mid,27 hiphop
./Groove/drummer7/session1/38_hiphop_100_beat_4-4.mid,38 hiphop
./Groove/drummer7/session1/6_rock_86_fill_4-4.mid,6 rock
./Groove/drummer7/session1/28_hiphop_100_fill_4-4.mid,28 hiphop
./Groove/drummer7/session1/13_funk_102_beat_4-4.mid,13 funk
./Groove/drummer7/session1/34_hiphop_100_fill_4-4.mid,34 hiphop
./Groove/drummer7/session1/16_hiphop_100_beat_4-4.mid,16 hiphop
./Groove/drummer7/session1/37_hiphop_100_fill_4-4.mid,37 hiphop
./Groove/drummer7/session1/24_hiphop_100_fill_4-4.mid,24 hiphop
./Groove/drummer7/session1/9_rock_93_beat_4-4.mid,9 rock
./Groove/drummer7/session1/33_hiphop_100_fill_4-4.mid,33 hiphop
./Groove/drummer7/session1/2_rock_86_fill_4-4.mid,2 rock
./Groove/drummer7/session1/20_hiphop_100_fill_4-4.mid,20 hiphop
./Groove/drummer10/session1/7_jazz-swing_215_beat_4-4.mid,7 jazz-swing
./Groove/drummer10/session1/2_jazz-swing_215_beat_4-4.mid,2 jazz-swing
./Groove/drummer10/session1/8_jazz-swing_215_beat_4-4.mid,8 jazz-swing
./Groove/drummer10/session1/3_jazz-swing_215_beat_4-4.mid,3 jazz-swing
./Groove/drummer10/session1/10_jazz-swing_110_beat_4-4.mid,10 jazz-swing
./Groove/drummer10/session1/6_jazz-swing_215_beat_4-4.mid,6 jazz-swing
./Groove/drummer10/session1/5_jazz-swing_215_beat_4-4.mid,5 jazz-swing
./Groove/drummer10/session1/1_jazz-swing_124_beat_4-4.mid,1 jazz-swing
./Groove/drummer10/session1/9_jazz-swing_110_beat_4-4.mid,9 jazz-swing
./Groove/drummer10/session1/4_jazz-swing_215_beat_4-4.mid,4 jazz-swing
./Groove/drummer9/session1/10_rock_100_beat_4-4.mid,10 rock
./Groove/drummer9/session1/3_rock_100_beat_4-4.mid,3 rock
./Groove/drummer9/session1/15_rock_120_beat_4-4.mid,15 rock
./Groove/drummer9/session1/9_rock_100_beat_4-4.mid,9 rock
./Groove/drummer9/session1/12_rock_100_beat_4-4.mid,12 rock
./Groove/drummer9/session1/1_rock_100_beat_4-4.mid,1 rock
./Groove/drummer9/session1/17_rock_120_beat_4-4.mid,17 rock
./Groove/drummer9/session1/24_rock_90_beat_4-4.mid,24 rock
./Groove/drummer9/session1/7_rock_100_beat_4-4.mid,7 rock
./Groove/drummer9/session1/23_rock_120_beat_4-4.mid,23 rock
./Groove/drummer9/session1/19_rock_120_beat_4-4.mid,19 rock
./Groove/drummer9/session1/13_rock_120_beat_4-4.mid,13 rock
./Groove/drummer9/session1/5_rock_100_beat_4-4.mid,5 rock
./Groove/drummer9/session1/25_rock_90_beat_4-4.mid,25 rock
./Groove/drummer9/session1/21_rock_120_beat_4-4.mid,21 rock
./Groove/drummer9/session1/2_rock_100_beat_4-4.mid,2 rock
./Groove/drummer9/session1/14_rock_120_beat_4-4.mid,14 rock
./Groove/drummer9/session1/29_rock_90_beat_4-4.mid,29 rock
./Groove/drummer9/session1/11_rock_100_beat_4-4.mid,11 rock
./Groove/drummer9/session1/26_rock_90_beat_4-4.mid,26 rock
./Groove/drummer9/session1/16_rock_120_beat_4-4.mid,16 rock
./Groove/drummer9/session1/8_rock_100_beat_4-4.mid,8 rock
./Groove/drummer9/session1/27_rock_90_beat_4-4.mid,27 rock
./Groove/drummer9/session1/22_rock_120_beat_4-4.mid,22 rock
./Groove/drummer9/session1/18_rock_120_beat_4-4.mid,18 rock
./Groove/drummer9/session1/6_rock_100_beat_4-4.mid,6 rock
./Groove/drummer9/session1/28_rock_90_beat_4-4.mid,28 rock
./Groove/drummer9/session1/20_rock_120_beat_4-4.mid,20 rock
./Groove/drummer9/session1/30_rock_90_beat_4-4.mid,30 rock
./Groove/drummer9/session1/4_rock_100_beat_4-4.mid,4 rock
./Groove/drummer2/session3/1_rock-shuffle_85_beat_4-4.mid,1 rock-shuffle
./Groove/drummer2/session2/1_rock_130_beat_4-4.mid,1 rock
./Groove/drummer2/session2/9_rock_130_beat_4-4.mid,9 rock
./Groove/drummer2/session2/12_rock_130_beat_4-4.mid,12 rock
./Groove/drummer2/session2/3_rock_130_beat_4-4.mid,3 rock
./Groove/drummer2/session2/10_rock_130_beat_4-4.mid,10 rock
./Groove/drummer2/session2/5_rock_130_fill_4-4.mid,5 rock
./Groove/drummer2/session2/14_rock_130_beat_4-4.mid,14 rock
./Groove/drummer2/session2/7_rock_130_beat_4-4.mid,7 rock
./Groove/drummer2/session2/8_rock_130_beat_4-4.mid,8 rock
./Groove/drummer2/session2/13_rock_130_beat_4-4.mid,13 rock
./Groove/drummer2/session2/11_rock_130_beat_4-4.mid,11 rock
./Groove/drummer2/session2/2_rock_130_beat_4-4.mid,2 rock
./Groove/drummer2/session2/4_rock_130_beat_4-4.mid,4 rock
./Groove/drummer2/session2/6_rock_130_beat_4-4.mid,6 rock
./Groove/drummer2/session2/15_rock_130_beat_4-4.mid,15 rock
./Groove/drummer2/session1/2_rock_102_beat_4-4.mid,2 rock
./Groove/drummer2/session1/1_rock_110_beat_4-4.mid,1 rock
./Groove/drummer5/session2/19_latin-brazilian-ijexa_108_beat_4-4.mid,19 latin-brazilian-ijexa
./Groove/drummer5/session2/2_latin-brazilian_101_beat_4-4.mid,2 latin-brazilian
./Groove/drummer5/session2/23_latin-brazilian-songo_120_beat_4-4.mid,23 latin-brazilian-songo
./Groove/drummer5/session2/14_rock_140_beat_4-4.mid,14 rock
./Groove/drummer5/session2/18_latin-brazilian-samba_93_beat_4-4.mid,18 latin-brazilian-samba
./Groove/drummer5/session2/22_latin-brazilian-frevo_133_beat_4-4.mid,22 latin-brazilian-frevo
./Groove/drummer5/session2/10_neworleans-funk_102_beat_4-4.mid,10 neworleans-funk
./Groove/drummer5/session2/20_latin-brazilian-ijexa_108_beat_4-4.mid,20 latin-brazilian-ijexa
./Groove/drummer5/session2/9_neworleans-shuffle_104_beat_4-4.mid,9 neworleans-shuffle
./Groove/drummer5/session2/21_latin-brazilian-ijexa_108_beat_4-4.mid,21 latin-brazilian-ijexa
./Groove/drummer5/session2/5_reggae_126_beat_4-4.mid,5 reggae
./Groove/drummer5/session2/3_latin-brazilian_101_beat_4-4.mid,3 latin-brazilian
./Groove/drummer5/session2/6_neworleans-secondline_99_beat_4-4.mid,6 neworleans-secondline
./Groove/drummer5/session2/24_latin-brazilian-songo_120_beat_4-4.mid,24 latin-brazilian-songo
./Groove/drummer5/session2/13_rock_140_beat_4-4.mid,13 rock
./Groove/drummer5/session2/16_latin-ando_125_beat_3-4.mid,16 latin-ando
./Groove/drummer5/session2/17_latin-brazilian-samba_110_beat_4-4.mid,17 latin-brazilian-samba
./Groove/drummer5/session2/7_neworleans-secondline_124_beat_4-4.mid,7 neworleans-secondline
./Groove/drummer5/session2/1_latin-venezuelan-sangueo_101_beat_4-4.mid,1 latin-venezuelan-sangueo
./Groove/drummer5/session2/12_rock_105_beat_4-4.mid,12 rock
./Groove/drummer5/session2/8_neworleans-chacha_124_beat_4-4.mid,8 neworleans-chacha
./Groove/drummer5/session2/15_latin-venezuelan-joropo_80_beat_4-4.mid,15 latin-venezuelan-joropo
./Groove/drummer5/session2/11_soul_96_beat_4-4.mid,11 soul
./Groove/drummer5/session2/4_reggae_141_beat_4-4.mid,4 reggae
./Groove/drummer5/eval_session/6_hiphop-groove6_87_beat_4-4.mid,6 hiphop-groove6
./Groove/drummer5/eval_session/3_soul-groove3_86_beat_4-4.mid,3 soul-groove3
./Groove/drummer5/eval_session/7_pop-groove7_138_beat_4-4.mid,7 pop-groove7
./Groove/drummer5/eval_session/5_funk-groove5_84_beat_4-4.mid,5 funk-groove5
./Groove/drummer5/eval_session/9_soul-groove9_105_beat_4-4.mid,9 soul-groove9
./Groove/drummer5/eval_session/1_funk-groove1_138_beat_4-4.mid,1 funk-groove1
./Groove/drummer5/eval_session/10_soul-groove10_102_beat_4-4.mid,10 soul-groove10
./Groove/drummer5/eval_session/4_soul-groove4_80_beat_4-4.mid,4 soul-groove4
./Groove/drummer5/eval_session/2_funk-groove2_105_beat_4-4.mid,2 funk-groove2
./Groove/drummer5/eval_session/8_rock-groove8_65_beat_4-4.mid,8 rock-groove8
./Groove/drummer5/session1/19_middleeastern_126_beat_4-4.mid,19 middleeastern
./Groove/drummer5/session1/15_funk_100_beat_4-4.mid,15 funk
./Groove/drummer5/session1/10_latin-brazilian-sambareggae_96_beat_4-4.mid,10 latin-brazilian-sambareggae
./Groove/drummer5/session1/5_latin-brazilian-samba_89_beat_4-4.mid,5 latin-brazilian-samba
./Groove/drummer5/session1/7_latin-brazilian-maracatu_96_beat_4-4.mid,7 latin-brazilian-maracatu
./Groove/drummer5/session1/2_latin-brazilian-bossa_127_beat_4-4.mid,2 latin-brazilian-bossa
./Groove/drummer5/session1/16_rock_136_beat_4-4.mid,16 rock
./Groove/drummer5/session1/4_latin-brazilian-samba_89_beat_4-4.mid,4 latin-brazilian-samba
./Groove/drummer5/session1/14_latin-brazilian-songo_112_beat_4-4.mid,14 latin-brazilian-songo
./Groove/drummer5/session1/17_blues-shuffle_72_beat_4-4.mid,17 blues-shuffle
./Groove/drummer5/session1/1_latin-brazilian-bossa_127_beat_4-4.mid,1 latin-brazilian-bossa
./Groove/drummer5/session1/3_latin-brazilian-samba_89_beat_4-4.mid,3 latin-brazilian-samba
./Groove/drummer5/session1/12_latin-brazilian-sambareggae_96_beat_4-4.mid,12 latin-brazilian-sambareggae
./Groove/drummer5/session1/18_afrocuban_128_beat_4-4.mid,18 afrocuban
./Groove/drummer5/session1/9_latin-dominican-merengue_130_beat_4-4.mid,9 latin-dominican-merengue
./Groove/drummer5/session1/6_latin-brazilian-maracatu_96_beat_4-4.mid,6 latin-brazilian-maracatu
./Groove/drummer5/session1/20_latin-brazilian-baiao_110_beat_4-4.mid,20 latin-brazilian-baiao
./Groove/drummer5/session1/13_afrocuban-calypso_124_beat_4-4.mid,13 afrocuban-calypso
./Groove/drummer5/session1/11_latin-brazilian-sambareggae_96_beat_4-4.mid,11 latin-brazilian-sambareggae
./Groove/drummer5/session1/8_latin-venezuelan-merengue_162_beat_5-8.mid,8 latin-venezuelan-merengue
./Groove/drummer4/session1/6_blues-shuffle_134_beat_4-4.mid,6 blues-shuffle
./Groove/drummer4/session1/9_latin-merengue_158_beat_4-4.mid,9 latin-merengue
./Groove/drummer4/session1/5_latin-brazilian_184_beat_4-4.mid,5 latin-brazilian
./Groove/drummer4/session1/1_rock_87_beat_4-4.mid,1 rock
./Groove/drummer4/session1/7_blues-shuffle_134_beat_4-4.mid,7 blues-shuffle
./Groove/drummer4/session1/8_blues-shuffle_112_beat_4-4.mid,8 blues-shuffle
./Groove/drummer4/session1/3_jazz-klezmer_152_beat_4-4.mid,3 jazz-klezmer
./Groove/drummer4/session1/4_latin-brazilian_92_beat_4-4.mid,4 latin-brazilian
./Groove/drummer4/session1/2_jazz_158_beat_4-4.mid,2 jazz
./Groove/drummer3/session2/10_rock_100_beat_4-4.mid,10 rock
./Groove/drummer3/session2/43_rock_110_beat_4-4.mid,43 rock
./Groove/drummer3/session2/33_hiphop_92_beat_4-4.mid,33 hiphop
./Groove/drummer3/session2/18_rock_100_beat_4-4.mid,18 rock
./Groove/drummer3/session2/41_hiphop_110_beat_4-4.mid,41 hiphop
./Groove/drummer3/session2/30_rock_92_beat_4-4.mid,30 rock
./Groove/drummer3/session2/3_rock_100_beat_4-4.mid,3 rock
./Groove/drummer3/session2/35_rock_92_beat_4-4.mid,35 rock
./Groove/drummer3/session2/45_rock_110_fill_4-4.mid,45 rock
./Groove/drummer3/session2/9_rock_100_beat_4-4.mid,9 rock
./Groove/drummer3/session2/22_rock_92_beat_4-4.mid,22 rock
./Groove/drummer3/session2/12_rock_100_beat_4-4.mid,12 rock
./Groove/drummer3/session2/1_rock_100_beat_4-4.mid,1 rock
./Groove/drummer3/session2/28_rock_92_beat_4-4.mid,28 rock
./Groove/drummer3/session2/34_rock_92_beat_4-4.mid,34 rock
./Groove/drummer3/session2/7_rock_100_beat_4-4.mid,7 rock
./Groove/drummer3/session2/14_rock_100_beat_4-4.mid,14 rock
./Groove/drummer3/session2/31_hiphop_92_beat_4-4.mid,31 hiphop
./Groove/drummer3/session2/47_rock_110_beat_4-4.mid,47 rock
./Groove/drummer3/session2/5_rock_100_beat_4-4.mid,5 rock
./Groove/drummer3/session2/29_rock_92_beat_4-4.mid,29 rock
./Groove/drummer3/session2/32_hiphop_92_beat_4-4.mid,32 hiphop
./Groove/drummer3/session2/23_rock_92_beat_4-4.mid,23 rock
./Groove/drummer3/session2/27_jazz_92_beat_4-4.mid,27 jazz
./Groove/drummer3/session2/16_rock_100_beat_4-4.mid,16 rock
./Groove/drummer3/session2/20_rock_92_beat_4-4.mid,20 rock
./Groove/drummer3/session2/19_rock_100_beat_4-4.mid,19 rock
./Groove/drummer3/session2/2_rock_100_beat_4-4.mid,2 rock
./Groove/drummer3/session2/44_rock_110_fill_4-4.mid,44 rock
./Groove/drummer3/session2/11_rock_100_beat_4-4.mid,11 rock
./Groove/drummer3/session2/39_rock_92_fill_4-4.mid,39 rock
./Groove/drummer3/session2/42_rock_110_beat_4-4.mid,42 rock
./Groove/drummer3/session2/46_rock_110_fill_4-4.mid,46 rock
./Groove/drummer3/session2/48_rock_110_beat_4-4.mid,48 rock
./Groove/drummer3/session2/40_hiphop_110_beat_4-4.mid,40 hiphop
./Groove/drummer3/session2/38_rock_92_beat_4-4.mid,38 rock
./Groove/drummer3/session2/37_rock_92_beat_4-4.mid,37 rock
./Groove/drummer3/session2/8_rock_100_beat_4-4.mid,8 rock
./Groove/drummer3/session2/13_rock_100_beat_4-4.mid,13 rock
./Groove/drummer3/session2/15_rock_100_beat_4-4.mid,15 rock
./Groove/drummer3/session2/25_hiphop_92_beat_4-4.mid,25 hiphop
./Groove/drummer3/session2/21_rock_92_beat_4-4.mid,21 rock
./Groove/drummer3/session2/6_rock_100_beat_4-4.mid,6 rock
./Groove/drummer3/session2/24_rock_92_beat_4-4.mid,24 rock
./Groove/drummer3/session2/36_rock_92_beat_4-4.mid,36 rock
./Groove/drummer3/session2/17_rock_100_beat_4-4.mid,17 rock
./Groove/drummer3/session2/4_rock_100_beat_4-4.mid,4 rock
./Groove/drummer3/session2/26_hiphop_92_beat_4-4.mid,26 hiphop
./Groove/drummer3/session1/27_rock_120_beat_4-4.mid,27 rock
./Groove/drummer3/session1/49_rock_120_beat_4-4.mid,49 rock
./Groove/drummer3/session1/19_jazz_120_beat_4-4.mid,19 jazz
./Groove/drummer3/session1/41_rock_120_beat_4-4.mid,41 rock
./Groove/drummer3/session1/4_rock_105_beat_4-4.mid,4 rock
./Groove/drummer3/session1/23_jazz_120_beat_4-4.mid,23 jazz
./Groove/drummer3/session1/8_jazz_105_beat_4-4.mid,8 jazz
./Groove/drummer3/session1/25_rock_120_beat_4-4.mid,25 rock
./Groove/drummer3/session1/21_jazz_120_beat_4-4.mid,21 jazz
./Groove/drummer3/session1/6_rock_105_beat_4-4.mid,6 rock
./Groove/drummer3/session1/43_rock_120_beat_4-4.mid,43 rock
./Groove/drummer3/session1/45_rock_120_beat_4-4.mid,45 rock
./Groove/drummer3/session1/31_jazz_120_beat_4-4.mid,31 jazz
./Groove/drummer3/session1/11_rock_120_beat_4-4.mid,11 rock
./Groove/drummer3/session1/15_jazz_120_beat_4-4.mid,15 jazz
./Groove/drummer3/session1/35_rock_120_beat_4-4.mid,35 rock
./Groove/drummer3/session1/39_jazz_120_beat_4-4.mid,39 jazz
./Groove/drummer3/session1/13_rock_120_beat_4-4.mid,13 rock
./Groove/drummer3/session1/33_jazz_120_beat_4-4.mid,33 jazz
./Groove/drummer3/session1/47_rock_120_beat_4-4.mid,47 rock
./Groove/drummer3/session1/29_rock_120_beat_4-4.mid,29 rock
./Groove/drummer3/session1/2_rock_105_beat_4-4.mid,2 rock
./Groove/drummer3/session1/37_rock_120_beat_4-4.mid,37 rock
./Groove/drummer3/session1/17_jazz_120_beat_4-4.mid,17 jazz
./Groove/drummer3/session1/40_rock_120_beat_4-4.mid,40 rock
./Groove/drummer3/session1/5_rock_105_beat_4-4.mid,5 rock
./Groove/drummer3/session1/38_rock_120_beat_4-4.mid,38 rock
./Groove/drummer3/session1/14_rock_120_beat_4-4.mid,14 rock
./Groove/drummer3/session1/22_jazz_120_beat_4-4.mid,22 jazz
./Groove/drummer3/session1/30_rock_120_beat_4-4.mid,30 rock
./Groove/drummer3/session1/48_rock_120_beat_4-4.mid,48 rock
./Groove/drummer3/session1/26_rock_120_beat_4-4.mid,26 rock
./Groove/drummer3/session1/7_rock_105_beat_4-4.mid,7 rock
./Groove/drummer3/session1/42_rock_120_beat_4-4.mid,42 rock
./Groove/drummer3/session1/24_rock_120_beat_4-4.mid,24 rock
./Groove/drummer3/session1/34_rock_120_beat_4-4.mid,34 rock
./Groove/drummer3/session1/9_rock_105_beat_4-4.mid,9 rock
./Groove/drummer3/session1/18_rock_120_beat_4-4.mid,18 rock
./Groove/drummer3/session1/1_rock_105_beat_4-4.mid,1 rock
./Groove/drummer3/session1/44_rock_120_beat_4-4.mid,44 rock
./Groove/drummer3/session1/10_rock_105_beat_4-4.mid,10 rock
./Groove/drummer3/session1/36_rock_120_beat_4-4.mid,36 rock
./Groove/drummer3/session1/16_jazz_120_beat_4-4.mid,16 jazz
./Groove/drummer3/session1/20_rock_120_beat_4-4.mid,20 rock
./Groove/drummer3/session1/12_rock_120_beat_4-4.mid,12 rock
./Groove/drummer3/session1/32_jazz_120_beat_4-4.mid,32 jazz
./Groove/drummer3/session1/28_rock_120_beat_4-4.mid,28 rock
./Groove/drummer3/session1/46_rock_120_beat_4-4.mid,46 rock
./Groove/drummer3/session1/3_rock_105_beat_4-4.mid,3 rock
./Groove/drummer3/session1/50_rock_120_beat_4-4.mid,50 rock
